alkohol	alkohol
ammende	amning
arr	ar
avdod-person	afdod-person
baby	baby
baby-gutt	dreng-eller-pige
bad	bad
barn	barn
barndomshjemmet	barndomshjemmet
basseng	swimmingpool
bein	ben
bestefar	din-bedstefar
bestemor	din-bedstemor
bie	bi
bil	bil
bil-uten-brems	bil-uden-bremser
bjorn	bjoern
bli-fortapt	at-fare-vild
bli-reddet	at-blive-reddet
bli-skutt	at-blive-skudt
blod	blod
blomst	blomster
bok	bog
bolge	boelger
brann	brand
bro	bro
bronn	broend
bror	din-bror
bryllup	bryllup
bryst	bryst
bunad	nationaldragt
buss	bus
dans	at-danse
delfin	delfin
djevel	djaevlen
do	at-do
dod-far	din-afdoede-far
dod-mor	din-afdoede-mor
dod-partner	din-afdoede-partner
dode-slektninger	afdoede-slaegtninge
dor	doer
drage	drage
drepe	at-draebe
drukne	at-drukne
drukne-barn	barn-der-drukner
dykke	at-dykke
edderkopp	edderkop
eksamen	eksamen
eksen	eksen
eksen-sex	sex-med-eksen
elefant	elefant
elg	elg
elv	flod
engler	engle
ensomhet	ensomhed
falle	falde
far	din-far
fengsel	faengsel
fingre	fingre
fisk	fisk
fjell	bjerg
fjord	fjord
flom	oversvoemmelse
fly-misser	at-misse-flyet
fly-styrter	flyulykke
flyging	at-flyve
fodsel	foedsel
foede	at-foede
forfulgt	at-blive-forfulgt
forlovelse	forlovelse
foss	vandfald
fot	foedder
fremmed	en-fremmed
fremmed-sex	sex-med-fremmed
frosk	froe
fugl	fugl
gammel-venn	gammel-ven
grate	at-graede
gravid	gravid
gris	gris
gud	gud
gull	guld
gullfisk	guldfisk
hage	have
hai	haj
har	haar
hav	hav
helvete	helvede
hender	haender
hest	hest
himmel	himlen
hjerte	hjertet
hjort	hjort
hode	hovedet
homofil-drom	homoseksuel-sex
hud	hud
hund	hund
hus	hus
hval	hval
hytte	sommerhus
ikke-fa-lopt	ikke-kunne-loebe
ikke-fa-puste	ikke-kunne-traekke-vejret
ikke-fa-skreket	ikke-kunne-skrige
ild	ild
innbruddstyv	indbrudstyv
innsjo	soe
internett	internettet
is	is
jobbe-drom	arbejde
jord	jord
jordskjelv	jordskaelv
katt	kat
kirke	kirke
kjaereste	kaeresten
kjaerlighet	kaerlighed
kjeller	kaelder
kjole	kjole
klokka-stemmer-ikke	uret-passer-aldrig
koffert	kuffert
kollega-sex	sex-med-kollega
krabbe	krabbe
krage	krage
krangel	at-skaendes
krig	krig
krokodille	krokodille
ku	ko
kyss	kys
laks	laks
loft	loft
love	loeve
lykke	lykke
lynet	lyn
lys	lys
mage	maven
mane	maanen
mange-slanger	mange-slanger
mat	mad
maur	myre
menstruasjon	menstruation
miste-baby	at-miste-et-barn
miste-noe	at-miste-noget
moerke	moerke
mor	din-mor
morkt-rom	moerkt-rum
munn	munden
mus	mus
musikk	musik
nabo	din-nabo
nagle	negle
naken	at-vaere-noegen
nisse	nisse
noen-dor	at-nogen-doer
nokler	noegler
nordlys	nordlys
oase	oase
oke	eg
onkel	din-onkel
operasjon	operation
ore	oerer
orgasme	orgasme
orken	oerken
orm	orm
orn	oern
overfalt	at-blive-overfaldet
oyne	oejne
papegoy	papegoeje
penger	penge
pingvin	pingvin
redde-noen	at-redde-nogen
regn	regn
regnbue	regnbue
reinsdyr	rensdyr
rev	raev
ring	ring
rose	rose
rotte	rotte
rygg	ryggen
saar	saar
samleie	samleje
sau	faar
sen	at-komme-for-sent
sex	sex
sjef	din-chef
skamme	skam
skille-lag	at-gaa-fra-hinanden
skip	skib
skittent-vann	snavset-vand
skog	skov
skole	skole
slange	slange
slange-angriper	slange-der-angriber
sloss	at-slaas
snakke-med-avdod	at-tale-med-en-afdoed
sno	sne
snoskred	lavine
soester	din-soester
sol	solen
sommerfugl	sommerfugl
sopp	svamp
sosiale-medier	sociale-medier
speil	spejl
stavkirke	stavkirke
stein	sten
stjerner	stjerner
storm	storm
strand	strand
svomme	at-svoemme
sykdom	at-blive-syg
sykehus	hospital
sykkel	cykel
tann	taender
tante	din-tante
tape	at-tabe
telefon	telefon
tiger	tiger
toalett	toilet
tog	tog
torke	toerke
tornado	tornado
trapp	trappe
tre	trae
troll	trold
tsunami	tsunami
tvillinger	tvillinger
ukjente-rom	ukendte-rum
ulv	ulv
ulykke	ulykke
underliv	underliv
utlandet	udlandet
utroskap	utroskab
utroskap-partner	partneren-er-utro
vaere-gravid-mann	gravid-mand
vaere-utro	at-vaere-utro
vann	vand
vannlekkasje	vandskade
vei	vej
veps	hveps
vikingskip	vikingeskib
vindu	vindue
vinne	at-vinde
vinne-penger	at-vinde-penge
