avdod-person	deceased-person	verstorbene-person
slange	snake	schlange
sommerfugl	butterfly	schmetterling
tann	teeth	zaehne-verlieren
drepe	killing	jemanden-toeten
gravid	pregnant	schwanger-sein
hund	dog	hund
bil	car	auto
do	dying	sterben
katt	cat	katze
utroskap	infidelity	untreue
fugl	bird	vogel
rev	fox	fuchs
hus	house	haus
brann	fire	feuer
har	hair	haare
falle	falling	fallen
sex	sex	sex
bli-skutt	being-shot	erschossen-werden
krage	crow	kraehe
hest	horse	pferd
bjorn	bear	baer
barn	child	kind
edderkopp	spider	spinne
utroskap-partner	partner-cheating	partner-betruegt
rotte	rat	ratte
eksen	ex	ex-partner
ulv	wolf	wolf
drukne	drowning	ertrinken
flyging	flying	fliegen
frosk	frog	frosch
elg	moose	elch
naken	naked	nackt-sein
skille-lag	breaking-up	trennung
sno	snow	schnee
veps	wasp	wespe
toalett	toilet	toilette
krig	war	krieg
hav	ocean	meer
kjaereste	partner	partnerin-oder-partner
regnbue	rainbow	regenbogen
sloss	fighting	kaempfen
bryllup	wedding	hochzeit
baby	baby	baby
eksen-sex	sex-with-an-ex	sex-mit-dem-ex
orgasme	orgasm	orgasmus
miste-noe	losing-something	etwas-verlieren
tiger	tiger	tiger
trapp	stairs	treppe
gull	gold	gold
gammel-venn	old-friend	alter-freund
elefant	elephant	elefant
telefon	phone	telefon
kyss	kiss	kuss
sykdom	illness	krankheit
mat	food	essen
orn	eagle	adler
foede	giving-birth	gebaeren
kjaerlighet	love	liebe
grate	crying	weinen
oyne	eyes	augen
love	lion	loewe
kjole	dress	kleid
fremmed	stranger	fremder
ring	ring	ring
mus	mouse	maus
blod	blood	blut
bli-fortapt	being-lost	sich-verirren
nagle	nails	naegel
dor	door	tuer
fengsel	prison	gefaengnis
penger	money	geld
vinne-penger	winning-money	geld-gewinnen
nokler	keys	schluessel
blomst	flower	blumen
vaere-gravid-mann	pregnant-man	schwangerer-mann
tog	train	zug
tre	tree	baum
ulykke	accident	unfall
innbruddstyv	burglar	einbrecher
forfulgt	being-chased	verfolgt-werden
koffert	suitcase	koffer
krokodille	crocodile	krokodil
fodsel	birth	geburt
drukne-barn	child-drowning	ertrinkendes-kind
flom	flood	ueberschwemmung
buss	bus	bus
hai	shark	hai
hender	hands	haende
hjort	deer	hirsch
alkohol	alcohol	alkohol
lynet	lightning	blitz
delfin	dolphin	delfin
speil	mirror	spiegel
maur	ant	ameise
kollega-sex	sex-with-a-coworker	sex-mit-kollegin
sykkel	bicycle	fahrrad
svomme	swimming	schwimmen
bie	bee	biene
fremmed-sex	sex-with-a-stranger	sex-mit-fremdem
sykehus	hospital	krankenhaus
ku	cow	kuh
ild	flames	flammen
soester	sister	schwester
fjell	mountain	berg
stein	stone	stein
skole	school	schule
menstruasjon	menstruation	menstruation
sjef	boss	chef
ammende	breastfeeding	stillen
hval	whale	wal
sen	being-late	zu-spaet-kommen
miste-baby	losing-a-baby	kind-verlieren
fot	feet	fuesse
fly-styrter	plane-crash	flugzeugabsturz
bro	bridge	bruecke
vindu	window	fenster
storm	storm	sturm
fly-misser	missing-a-flight	flug-verpassen
tvillinger	twins	zwillinge
mor	mother	mutter
bad	bath	bad
far	father	vater
djevel	devil	teufel
bil-uten-brems	car-without-brakes	auto-ohne-bremsen
skog	forest	wald
tornado	tornado	tornado
saar	wound	wunde
ore	ears	ohren
redde-noen	saving-someone	jemanden-retten
krabbe	crab	krebs
hjerte	heart	herz
gris	pig	schwein
bein	legs	beine
engler	angels	engel
kirke	church	kirche
homofil-drom	same-sex-dream	gleichgeschlechtlicher-sex
skip	ship	schiff
bror	brother	bruder
drage	dragon	drache
strand	beach	strand
regn	rain	regen
dans	dancing	tanzen
jobbe-drom	work	arbeit
musikk	music	musik
stjerner	stars	sterne
operasjon	surgery	operation
papegoy	parrot	papagei
orm	worm	wurm
bestemor	grandmother	grossmutter
lys	light	licht
mane	moon	mond
utlandet	abroad	im-ausland
kjeller	basement	keller
elv	river	fluss
munn	mouth	mund
helvete	hell	hoelle
himmel	heaven	himmel
bryst	breast	brust
sol	sun	sonne
gud	god	gott
arr	scar	narbe
hode	head	kopf
bli-reddet	being-rescued	gerettet-werden
bestefar	grandfather	grossvater
baby-gutt	baby-gender	junge-oder-maedchen
barndomshjemmet	childhood-home	elternhaus
basseng	swimming-pool	swimmingpool
bok	book	buch
bolge	wave	wellen
bronn	well	brunnen
bunad	bunad	tracht
dod-far	dead-father	verstorbener-vater
dod-mor	dead-mother	verstorbene-mutter
dod-partner	dead-partner	verstorbener-partner
dode-slektninger	dead-relatives	verstorbene-verwandte
dykke	diving	tauchen
eksamen	exam	pruefung
ensomhet	loneliness	einsamkeit
fingre	fingers	finger
fisk	fish	fisch
fjord	fjord	fjord
forlovelse	engagement	verlobung
foss	waterfall	wasserfall
gullfisk	goldfish	goldfisch
hage	garden	garten
hud	skin	haut
hytte	cabin	huette
ikke-fa-lopt	cannot-run	nicht-laufen-koennen
ikke-fa-puste	cannot-breathe	nicht-atmen-koennen
ikke-fa-skreket	cannot-scream	nicht-schreien-koennen
innsjo	lake	see
internett	internet	internet
is	ice	eis
jord	earth	erde
jordskjelv	earthquake	erdbeben
klokka-stemmer-ikke	clock-never-right	uhr-geht-falsch
krangel	argument	streit
laks	salmon	lachs
loft	attic	dachboden
lykke	happiness	glueck
mage	stomach	bauch
mange-slanger	many-snakes	viele-schlangen
moerke	darkness	dunkelheit
morkt-rom	dark-room	dunkler-raum
nabo	neighbor	nachbar
nisse	gnome	wichtel
noen-dor	someone-dying	jemand-stirbt
nordlys	northern-lights	nordlicht
oase	oasis	oase
oke	oak	eiche
onkel	uncle	onkel
orken	desert	wueste
overfalt	being-attacked	angegriffen-werden
pingvin	penguin	pinguin
reinsdyr	reindeer	rentier
rose	rose	rose
rygg	back	ruecken
samleie	intercourse	geschlechtsverkehr
sau	sheep	schaf
skamme	shame	scham
skittent-vann	murky-water	schmutziges-wasser
slange-angriper	snake-attacking	angreifende-schlange
snakke-med-avdod	talking-to-the-dead	mit-verstorbenen-sprechen
snoskred	avalanche	lawine
sopp	mushroom	pilz
sosiale-medier	social-media	soziale-medien
stavkirke	stave-church	stabkirche
tante	aunt	tante
tape	losing	verlieren
torke	drought	duerre
troll	troll	troll
tsunami	tsunami	tsunami
ukjente-rom	unknown-rooms	unbekannte-raeume
underliv	genitals	unterleib
vaere-utro	being-unfaithful	untreu-sein
vann	water	wasser
vannlekkasje	water-leak	wasserschaden
vei	road	weg
vikingskip	viking-ship	wikingerschiff
vinne	winning	gewinnen
