page,clicks,impressions,ctr,position
https://drommeguiden.no/drommer/,449,17915,2.5,5.6
https://drommeguiden.no/sv/drommar/orm/,197,11030,1.8,5.8
https://drommeguiden.no/sv/drommar/avliden-person/,314,9613,3.3,5.2
https://drommeguiden.no/sv/drommar/fjaril/,58,8747,0.7,7.6
https://drommeguiden.no/sv/kategori/djur/,143,6878,2.1,6.3
https://drommeguiden.no/sv/drommar/,49,4799,1,7.9
https://drommeguiden.no/drommer/tann/,54,4701,1.1,5.9
https://drommeguiden.no/sv/drommar/doda/,68,4118,1.7,5.1
https://drommeguiden.no/sv/drommar/bil/,116,4053,2.9,4.2
https://drommeguiden.no/sv/drommar/hund/,188,3963,4.7,4.3
https://drommeguiden.no/drommer/avdod-person/,115,3922,2.9,5.7
https://drommeguiden.no/sv/drommar/gravid/,80,3795,2.1,6.2
https://drommeguiden.no/sv/drommar/fagel/,122,3683,3.3,4.8
https://drommeguiden.no/sv/drommar/otrohet/,20,3642,0.5,8.6
https://drommeguiden.no/sv/drommar/katt/,88,3587,2.5,6.0
https://drommeguiden.no/sv/drommar/tand/,45,3441,1.3,8.3
https://drommeguiden.no/sv/drommar/rav/,60,3416,1.8,6.2
https://drommeguiden.no/sv/drommar/hus/,105,3232,3.2,4.9
https://drommeguiden.no/sv/drommar/do/,73,3192,2.3,6.5
https://drommeguiden.no/sv/drommar/har/,111,3181,3.5,4.6
https://drommeguiden.no/drommer/sommerfugl/,34,3107,1.1,7.4
https://drommeguiden.no/sv/drommar/brand/,179,3053,5.9,3.1
https://drommeguiden.no/sv/,25,2876,0.9,16.4
https://drommeguiden.no/sv/drommar/sex/,61,2835,2.2,6.2
https://drommeguiden.no/sv/drommar/hast/,130,2548,5.1,3.1
https://drommeguiden.no/sv/drommar/falla/,30,2454,1.2,5.6
https://drommeguiden.no/sv/drommar/bjorn/,105,2414,4.3,4.9
https://drommeguiden.no/drommer/slange/,102,2324,4.4,4.7
https://drommeguiden.no/sv/drommar/barn/,63,2295,2.7,5.5
https://drommeguiden.no/sv/drommar/bli-skjuten/,73,2256,3.2,4.2
https://drommeguiden.no/sv/drommar/kraka/,55,2173,2.5,5.2
https://drommeguiden.no/sv/drommar/ratta/,138,2064,6.7,3.3
https://drommeguiden.no/sv/guider/farger-i-drommar/,59,1991,3,5.1
https://drommeguiden.no/drommer/do/,23,1982,1.2,7.7
https://drommeguiden.no/sv/drommar/varg/,138,1980,7,4.2
https://drommeguiden.no/drommer/utroskap-partner/,79,1963,4,5.1
https://drommeguiden.no/sv/drommar/drunkna/,55,1860,3,4.1
https://drommeguiden.no/sv/drommar/ex/,26,1844,1.4,6.2
https://drommeguiden.no/sv/drommar/groda/,67,1755,3.8,4.1
https://drommeguiden.no/sv/guider/barn-och-drommar/,12,1743,0.7,9.7
https://drommeguiden.no/drommer/gravid/,25,1656,1.5,6.4
https://drommeguiden.no/,50,1654,3,7.6
https://drommeguiden.no/sv/drommar/alg/,74,1622,4.6,4.6
https://drommeguiden.no/kategori/dyr/,28,1616,1.7,6.9
https://drommeguiden.no/drommer/hund/,43,1531,2.8,5.3
https://drommeguiden.no/sv/drommar/spindel/,20,1526,1.3,6.8
https://drommeguiden.no/drommer/utroskap/,51,1471,3.5,6.8
https://drommeguiden.no/drommer/falle/,27,1426,1.9,5.0
https://drommeguiden.no/drommer/katt/,27,1423,1.9,6.0
https://drommeguiden.no/sv/drommar/separation/,59,1398,4.2,4.5
https://drommeguiden.no/sv/kategori/kropp/,27,1395,1.9,5.8
https://drommeguiden.no/drommer/krage/,21,1366,1.5,6.5
https://drommeguiden.no/drommer/drepe/,44,1365,3.2,5.0
https://drommeguiden.no/sovn/melatonin/,3,1363,0.2,64.0
https://drommeguiden.no/sv/drommar/orgasm/,34,1337,2.5,7.6
https://drommeguiden.no/drommer/rev/,38,1335,2.8,4.7
https://drommeguiden.no/sv/drommar/flyga/,22,1320,1.7,5.3
https://drommeguiden.no/sv/drommar/toalett/,39,1319,3,4.5
https://drommeguiden.no/sv/drommar/slass/,39,1304,3,4.2
https://drommeguiden.no/sv/drommar/geting/,60,1303,4.6,3.3
https://drommeguiden.no/drommer/edderkopp/,39,1248,3.1,4.7
https://drommeguiden.no/sv/drommar/regnbage/,20,1227,1.6,6.4
https://drommeguiden.no/drommer/bil/,39,1216,3.2,4.6
https://drommeguiden.no/sv/drommar/partner/,27,1183,2.3,5.5
https://drommeguiden.no/sv/drommar/naken/,15,1173,1.3,6.1
https://drommeguiden.no/drommer/baby/,51,1168,4.4,5.2
https://drommeguiden.no/drommer/flyging/,43,1161,3.7,4.7
https://drommeguiden.no/sv/drommar/sno/,72,1148,6.3,2.9
https://drommeguiden.no/sv/drommar/brollop/,24,1108,2.2,5.0
https://drommeguiden.no/sv/drommar/vara-gravid-man/,5,1094,0.5,8.2
https://drommeguiden.no/sv/drommar/vilse/,88,1091,8.1,3.2
https://drommeguiden.no/sv/drommar/gammal-van/,35,1069,3.3,4.7
https://drommeguiden.no/sv/drommar/orn/,28,1064,2.6,5.7
https://drommeguiden.no/sv/drommar/guld/,76,1061,7.2,3.4
https://drommeguiden.no/drommer/fugl/,48,1054,4.6,4.9
https://drommeguiden.no/sv/drommar/grata/,53,1051,5,3.5
https://drommeguiden.no/drommer/bli-skutt/,37,1037,3.6,4.3
https://drommeguiden.no/sv/drommar/mat/,31,1026,3,4.2
https://drommeguiden.no/sv/drommar/hav/,36,1012,3.6,7.7
https://drommeguiden.no/drommer/har/,34,997,3.4,4.4
https://drommeguiden.no/sv/drommar/ex-sex/,26,986,2.6,6.4
https://drommeguiden.no/sovn/sovnfaser/,1,979,0.1,41.6
https://drommeguiden.no/drommer/hus/,37,978,3.8,5.3
https://drommeguiden.no/sv/drommar/telefon/,42,976,4.3,4.4
https://drommeguiden.no/sv/drommar/naglar/,68,960,7.1,3.2
https://drommeguiden.no/sv/drommar/otrohet-partner/,7,940,0.7,10.3
https://drommeguiden.no/guider/barn-og-drommer/,6,937,0.6,8.1
https://drommeguiden.no/sv/drommar/trappa/,59,936,6.3,3.6
https://drommeguiden.no/drommer/brann/,75,934,8,3.0
https://drommeguiden.no/drommer/bjorn/,50,921,5.4,4.4
https://drommeguiden.no/sv/drommar/klanning/,53,920,5.8,4.3
https://drommeguiden.no/sv/drommar/elefant/,23,902,2.5,5.7
https://drommeguiden.no/drommer/fremmed/,21,898,2.3,5.7
https://drommeguiden.no/drommer/eksen/,32,897,3.6,4.4
https://drommeguiden.no/sv/drommar/krig/,37,890,4.2,3.2
https://drommeguiden.no/guider/lucid-dromming/,11,880,1.3,8.6
https://drommeguiden.no/drommer/barn/,35,870,4,6.9
https://drommeguiden.no/sv/drommar/forlora-baby/,19,866,2.2,6.1
https://drommeguiden.no/sv/drommar/ring/,32,863,3.7,6.4
https://drommeguiden.no/sv/drommar/mus/,46,860,5.3,3.6
https://drommeguiden.no/sv/drommar/tiger/,41,858,4.8,3.8
https://drommeguiden.no/sv/drommar/karlek/,40,853,4.7,5.1
https://drommeguiden.no/sv/drommar/lejon/,24,846,2.8,5.3
https://drommeguiden.no/sv/drommar/nycklar/,40,819,4.9,4.6
https://drommeguiden.no/sv/drommar/olycka/,21,818,2.6,4.8
https://drommeguiden.no/sv/drommar/oversvamning/,34,814,4.2,4.2
https://drommeguiden.no/sv/drommar/krokodil/,80,804,10,3.7
https://drommeguiden.no/sv/drommar/blod/,15,802,1.9,5.3
https://drommeguiden.no/sv/drommar/ogon/,54,794,6.8,4.5
https://drommeguiden.no/sv/drommar/trad/,28,794,3.5,4.2
https://drommeguiden.no/sv/drommar/vinna-pengar/,55,790,7,3.9
https://drommeguiden.no/sv/drommar/dorr/,17,789,2.2,5.7
https://drommeguiden.no/sv/drommar/blomma/,35,787,4.4,4.3
https://drommeguiden.no/sovn/sovnbehov/,0,784,0,48.8
https://drommeguiden.no/sv/drommar/sjukdom/,45,776,5.8,4.1
https://drommeguiden.no/drommer/a-til-aa/,10,776,1.3,8.3
https://drommeguiden.no/drommer/sex/,17,764,2.2,6.9
https://drommeguiden.no/sv/guider/aterkommande-drommar/,13,754,1.7,6.7
https://drommeguiden.no/sv/drommar/forlora-nagot/,21,747,2.8,4.9
https://drommeguiden.no/drommer/naken/,26,746,3.5,3.9
https://drommeguiden.no/sv/drommar/eld/,31,745,4.2,4.9
https://drommeguiden.no/sv/drommar/kyss/,39,744,5.2,4.0
https://drommeguiden.no/sv/drommar/inbrottstjuv/,49,738,6.6,3.1
https://drommeguiden.no/drommer/rotte/,54,733,7.4,4.4
https://drommeguiden.no/kategori/mennesker/,12,730,1.6,6.4
https://drommeguiden.no/sv/drommar/resvaska/,38,726,5.2,4.8
https://drommeguiden.no/sv/drommar/buss/,36,726,5,4.5
https://drommeguiden.no/drommer/eksen-sex/,18,718,2.5,6.8
https://drommeguiden.no/drommer/foede/,27,715,3.8,4.1
https://drommeguiden.no/en/dreams/killing/,4,707,0.6,15.9
https://drommeguiden.no/sv/drommar/myra/,40,701,5.7,3.3
https://drommeguiden.no/sv/drommar/fangelse/,31,701,4.4,3.4
https://drommeguiden.no/guider/farger-i-drommer/,22,692,3.2,5.9
https://drommeguiden.no/kategori/vann/,23,682,3.4,6.8
https://drommeguiden.no/sv/drommar/foda/,24,669,3.6,5.1
https://drommeguiden.no/drommer/hest/,30,667,4.5,3.9
https://drommeguiden.no/drommer/frosk/,25,665,3.8,5.0
https://drommeguiden.no/sv/drommar/gravid/#vad-betyder-det-att-drömma-om-att-vara-gravid,0,649,0,5.4
https://drommeguiden.no/sv/kategori/manniskor/,11,630,1.7,5.8
https://drommeguiden.no/sv/drommar/kollega-sex/,30,628,4.8,5.4
https://drommeguiden.no/sv/drommar/ko/,50,622,8,3.7
https://drommeguiden.no/sv/drommar/blixten/,36,618,5.8,3.8
https://drommeguiden.no/drommer/drukne/,30,612,4.9,3.9
https://drommeguiden.no/sv/drommar/simma/,28,612,4.6,3.8
https://drommeguiden.no/en/dreams/war/,2,608,0.3,16.6
https://drommeguiden.no/sv/drommar/hander/,30,599,5,4.1
https://drommeguiden.no/sv/drommar/haj/,25,589,4.2,3.3
https://drommeguiden.no/drommer/miste-baby/,40,578,6.9,5.5
https://drommeguiden.no/sv/drommar/alkohol/,14,577,2.4,4.2
https://drommeguiden.no/sovn/sovnproblemer/,0,572,0,76.1
https://drommeguiden.no/sv/drommar/tag/,14,569,2.5,5.5
https://drommeguiden.no/sv/drommar/gravid/#de-vanligaste-tolkningarna,0,569,0,5.5
https://drommeguiden.no/drommer/ulv/,29,563,5.2,4.8
https://drommeguiden.no/sv/drommar/drunkna-barn/,25,563,4.4,6.6
https://drommeguiden.no/drommer/miste-noe/,15,561,2.7,5.1
https://drommeguiden.no/sv/drommar/gravid/#vad-påverkar-tolkningen,0,561,0,5.5
https://drommeguiden.no/sv/drommar/delfin/,25,545,4.6,4.6
https://drommeguiden.no/sv/drommar/fot/,24,542,4.4,4.9
https://drommeguiden.no/sv/drommar/amma/,61,539,11.3,3.2
https://drommeguiden.no/sv/drommar/avliden-person/#vad-betyder-det-att-drömma-om-en-avliden-person,1,536,0.2,5.3
https://drommeguiden.no/drommer/sen/,21,531,4,5.5
https://drommeguiden.no/drommer/elg/,24,528,4.5,5.9
https://drommeguiden.no/sv/drommar/pengar/,15,526,2.9,5.8
https://drommeguiden.no/sv/drommar/storm/,30,525,5.7,4.0
https://drommeguiden.no/sv/drommar/spegel/,17,524,3.2,4.8
https://drommeguiden.no/drommer/penger/,20,513,3.9,5.8
https://drommeguiden.no/sv/drommar/cykel/,34,512,6.6,4.3
https://drommeguiden.no/sv/drommar/bi/,19,508,3.7,7.0
https://drommeguiden.no/sv/drommar/syster/,26,504,5.2,3.9
https://drommeguiden.no/sv/drommar/bad/,13,500,2.6,4.8
https://drommeguiden.no/sv/drommar/missat-flyg/,21,498,4.2,4.5
https://drommeguiden.no/sv/drommar/tvillingar/,29,497,5.8,4.9
https://drommeguiden.no/drommer/hav/,19,497,3.8,5.3
https://drommeguiden.no/sv/drommar/baby/,10,494,2,5.7
https://drommeguiden.no/drommer/skille-lag/,21,492,4.3,5.7
https://drommeguiden.no/drommer/regnbue/,8,492,1.6,9.2
https://drommeguiden.no/sv/drommar/menstruation/,30,490,6.1,4.1
https://drommeguiden.no/drommer/toalett/,30,483,6.2,4.5
https://drommeguiden.no/kategori/natur/,7,482,1.5,7.3
https://drommeguiden.no/drommer/forfulgt/,17,477,3.6,5.7
https://drommeguiden.no/sv/drommar/avliden-person/#de-vanligaste-tolkningarna,0,472,0,5.4
https://drommeguiden.no/drommer/fodsel/,10,471,2.1,7.1
https://drommeguiden.no/sv/drommar/skola/,9,471,1.9,5.1
https://drommeguiden.no/en/dreams/tiger/,1,470,0.2,16.5
https://drommeguiden.no/sv/drommar/bil-utan-bromsar/,17,466,3.6,4.4
https://drommeguiden.no/sv/drommar/fodelse/,14,466,3,6.7
https://drommeguiden.no/guider/drommer-om-avdode/,9,460,2,8.5
https://drommeguiden.no/sv/drommar/avliden-person/#vad-påverkar-tolkningen,0,457,0,5.4
https://drommeguiden.no/sv/drommar/forfoljd/,15,456,3.3,4.9
https://drommeguiden.no/sv/drommar/hjort/,13,455,2.9,3.8
https://drommeguiden.no/sv/drommar/bro/,14,452,3.1,7.3
https://drommeguiden.no/sv/drommar/fonster/,31,449,6.9,3.4
https://drommeguiden.no/sv/drommar/orm/#vad-påverkar-tolkningen,0,448,0,10.6
https://drommeguiden.no/sv/drommar/orm/#de-vanligaste-tolkningarna,0,447,0,10.6
https://drommeguiden.no/drommer/bryllup/,26,437,5.9,3.7
https://drommeguiden.no/sv/kategori/vatten/,8,434,1.8,7.6
https://drommeguiden.no/drommer/kjaereste/,5,429,1.2,5.9
https://drommeguiden.no/sv/drommar/skog/,15,425,3.5,3.9
https://drommeguiden.no/drommer/drukne-barn/,15,422,3.6,7.0
https://drommeguiden.no/drommer/veps/,24,421,5.7,4.0
https://drommeguiden.no/drommer/fremmed-sex/,13,420,3.1,6.5
https://drommeguiden.no/sv/drommar/val/,26,419,6.2,4.6
https://drommeguiden.no/drommer/trapp/,19,419,4.5,5.5
https://drommeguiden.no/sv/drommar/pappa/,17,406,4.2,3.9
https://drommeguiden.no/sv/drommar/flygkrasch/,9,404,2.2,6.2
https://drommeguiden.no/drommer/elefant/,15,395,3.8,6.1
https://drommeguiden.no/drommer/blod/,12,393,3.1,4.6
https://drommeguiden.no/sovn/sovnapne/,0,393,0,69.7
https://drommeguiden.no/drommer/kyss/,21,392,5.4,4.3
https://drommeguiden.no/drommer/sykdom/,10,392,2.6,4.9
https://drommeguiden.no/drommer/telefon/,24,390,6.2,3.7
https://drommeguiden.no/en/dreams/snow/,0,386,0,18.0
https://drommeguiden.no/en/dreams/boss/,1,384,0.3,12.8
https://drommeguiden.no/drommer/dor/,10,383,2.6,5.7
https://drommeguiden.no/sv/drommar/sten/,27,382,7.1,3.5
https://drommeguiden.no/sovn/sovn-graviditet/,1,379,0.3,51.7
https://drommeguiden.no/sv/drommar/sjukhus/,16,372,4.3,4.0
https://drommeguiden.no/sv/drommar/ben/,12,372,3.2,4.5
https://drommeguiden.no/drommer/sno/,22,370,5.9,4.3
https://drommeguiden.no/sv/drommar/gris/,36,365,9.9,3.1
https://drommeguiden.no/sv/drommar/frammande-sex/,11,364,3,6.7
https://drommeguiden.no/en/dreams/mountain/,0,363,0,11.7
https://drommeguiden.no/en/dreams/prison/,1,354,0.3,17.8
https://drommeguiden.no/drommer/love/,23,353,6.5,6.0
https://drommeguiden.no/en/dreams/losing-something/,0,350,0,10.3
https://drommeguiden.no/sv/drommar/sar/,23,349,6.6,3.0
https://drommeguiden.no/sovn/,0,349,0,60.5
https://drommeguiden.no/sv/drommar/radda-nagon/,25,347,7.2,4.9
https://drommeguiden.no/drommer/hjort/,7,347,2,6.1
https://drommeguiden.no/sv/drommar/djavul/,25,345,7.2,3.3
https://drommeguiden.no/en/dreams/fire/,0,344,0,59.3
https://drommeguiden.no/en/dreams/spider/,0,344,0,63.5
https://drommeguiden.no/drommer/orn/,8,342,2.3,6.2
https://drommeguiden.no/drommer/gull/,17,337,5,4.6
https://drommeguiden.no/sv/kategori/andlig/,7,334,2.1,5.8
https://drommeguiden.no/drommer/orgasme/,10,333,3,8.7
https://drommeguiden.no/drommer/blomst/,19,330,5.8,5.5
https://drommeguiden.no/drommer/tann/#de-vanligste-tolkningene,0,330,0,6.4
https://drommeguiden.no/drommer/tann/#hva-betyr-det-å-drømme-om-tenner,0,330,0,6.4
https://drommeguiden.no/drommer/tann/#hva-påvirker-tolkningen,0,328,0,6.5
https://drommeguiden.no/drommer/krig/,15,326,4.6,5.3
https://drommeguiden.no/sv/drommar/oron/,24,321,7.5,4.5
https://drommeguiden.no/guider/drommejournalen/,0,321,0,52.4
https://drommeguiden.no/drommer/oyne/,10,320,3.1,5.0
https://drommeguiden.no/en/dreams/pregnant/,0,317,0,67.4
https://drommeguiden.no/sv/drommar/drake/,13,314,4.1,5.8
https://drommeguiden.no/en/category/body/,1,314,0.3,11.6
https://drommeguiden.no/sv/kategori/natur/,7,313,2.2,8.0
https://drommeguiden.no/sv/somn/somn-graviditet/,2,306,0.7,26.6
https://drommeguiden.no/sv/guider/stress-och-drommar/,3,305,1,7.8
https://drommeguiden.no/en/dreams/tornado/,0,305,0,49.7
https://drommeguiden.no/en/dreams/ocean/,3,301,1,23.1
https://drommeguiden.no/drommer/tiger/,16,300,5.3,5.2
https://drommeguiden.no/sv/drommar/brand/#vad-betyder-det-att-drömma-om-brand,0,300,0,2.8
https://drommeguiden.no/sv/drommar/regn/,14,299,4.7,3.6
https://drommeguiden.no/en/dreams/falling/,0,298,0,58.2
https://drommeguiden.no/sv/drommar/chef/,15,297,5.1,3.5
https://drommeguiden.no/guider/mareritt/,1,297,0.3,32.2
https://drommeguiden.no/drommer/buss/,17,295,5.8,5.1
https://drommeguiden.no/sv/drommar/utlandet/,11,293,3.8,4.2
https://drommeguiden.no/en/dreams/kiss/,0,291,0,15.5
https://drommeguiden.no/en/dreams/train/,1,289,0.3,22.6
https://drommeguiden.no/sv/drommar/krabba/,19,288,6.6,4.7
https://drommeguiden.no/drommer/fly-styrter/,13,288,4.5,4.7
https://drommeguiden.no/drommer/bie/,7,286,2.4,4.6
https://drommeguiden.no/drommer/ring/,10,283,3.5,6.5
https://drommeguiden.no/en/dreams/horse/,0,282,0,35.8
https://drommeguiden.no/drommer/tog/,11,281,3.9,4.0
https://drommeguiden.no/drommer/mat/,7,280,2.5,4.2
https://drommeguiden.no/drommer/mor/,7,280,2.5,4.5
https://drommeguiden.no/sv/guider/vad-ar-drommar/,2,280,0.7,36.5
https://drommeguiden.no/sv/drommar/papegoja/,21,278,7.6,3.1
https://drommeguiden.no/sv/drommar/dans/,13,278,4.7,3.1
https://drommeguiden.no/sv/drommar/skepp/,6,276,2.2,5.3
https://drommeguiden.no/drommer/gammel-venn/,14,275,5.1,4.5
https://drommeguiden.no/en/dreams/hospital/,2,274,0.7,11.4
https://drommeguiden.no/en/category/places/,0,272,0,9.8
https://drommeguiden.no/drommer/tre/,5,271,1.8,5.5
https://drommeguiden.no/en/dreams/stranger/,0,271,0,9.2
https://drommeguiden.no/sv/drommar/kyrka/,14,270,5.2,4.3
https://drommeguiden.no/en/dreams/hell/,3,269,1.1,7.6
https://drommeguiden.no/sv/drommar/brand/#de-vanligaste-tolkningarna,0,269,0,2.8
https://drommeguiden.no/drommer/mus/,17,268,6.3,4.7
https://drommeguiden.no/sv/drommar/anglar/,19,267,7.1,4.5
https://drommeguiden.no/drommer/kjaerlighet/,10,264,3.8,5.9
https://drommeguiden.no/drommer/sloss/,11,263,4.2,4.9
https://drommeguiden.no/sv/drommar/hund/#vad-betyder-det-att-drömma-om-hund,1,263,0.4,7.3
https://drommeguiden.no/sv/drommar/jobb-drom/,0,263,0,7.6
https://drommeguiden.no/drommer/koffert/,22,261,8.4,4.6
https://drommeguiden.no/drommer/fjell/,14,261,5.4,4.5
https://drommeguiden.no/en/dreams/sex/,0,260,0,24.2
https://drommeguiden.no/drommer/grate/,13,258,5,5.1
https://drommeguiden.no/drommer/vinne-penger/,13,255,5.1,6.2
https://drommeguiden.no/en/dreams/love/,0,255,0,12.1
https://drommeguiden.no/sv/drommar/brand/#vad-påverkar-tolkningen,0,254,0,2.8
https://drommeguiden.no/sv/drommar/operation/,14,251,5.6,4.4
https://drommeguiden.no/drommer/svomme/,9,251,3.6,5.8
https://drommeguiden.no/sovn/sovnhygiene/,0,250,0,46.9
https://drommeguiden.no/en/dreams/being-shot/,1,249,0.4,22.9
https://drommeguiden.no/sv/drommar/brost/,13,245,5.3,3.9
https://drommeguiden.no/en/dreams/illness/,0,243,0,13.5
https://drommeguiden.no/drommer/edderkopp/#de-vanligste-tolkningene,0,242,0,4.8
https://drommeguiden.no/drommer/edderkopp/#hva-betyr-det-å-drømme-om-edderkopp,0,242,0,4.8
https://drommeguiden.no/drommer/edderkopp/#hva-påvirker-tolkningen,0,242,0,4.8
https://drommeguiden.no/sv/drommar/hund/#de-vanligaste-tolkningarna,0,241,0,7.2
https://drommeguiden.no/drommer/stein/,4,239,1.7,7.0
https://drommeguiden.no/drommer/innbruddstyv/,15,237,6.3,4.6
https://drommeguiden.no/drommer/kollega-sex/,13,236,5.5,4.8
https://drommeguiden.no/sv/drommar/hund/#vad-påverkar-tolkningen,0,235,0,7.4
https://drommeguiden.no/en/dreams/sister/,2,233,0.9,10.7
https://drommeguiden.no/en/dreams/eyes/,1,233,0.4,17.8
https://drommeguiden.no/drommer/nagle/,16,230,7,3.2
https://drommeguiden.no/en/guides/children-and-dreams/,0,230,0,10.5
https://drommeguiden.no/guider/nattskrekk/,2,227,0.9,20.0
https://drommeguiden.no/en/dreams/fighting/,0,227,0,9.8
https://drommeguiden.no/sv/somn/somnbehov/,0,227,0,72.1
https://drommeguiden.no/sv/drommar/vinna/,4,225,1.8,6.8
https://drommeguiden.no/en/dreams/brother/,0,225,0,13.9
https://drommeguiden.no/sv/drommar/hjarta/,17,224,7.6,4.3
https://drommeguiden.no/en/dreams/mother/,0,221,0,14.8
https://drommeguiden.no/en/dreams/butterfly/,0,221,0,25.6
https://drommeguiden.no/drommer/speil/,5,220,2.3,4.7
https://drommeguiden.no/en/dreams/bicycle/,0,220,0,8.5
https://drommeguiden.no/drommer/samleie/,5,219,2.3,7.9
https://drommeguiden.no/drommer/kjole/,13,218,6,6.1
https://drommeguiden.no/sovn/hva-er-sovn/,0,217,0,73.7
https://drommeguiden.no/guider/falsk-oppvakning/,10,216,4.6,6.9
https://drommeguiden.no/en/dreams/wedding/,0,216,0,64.0
https://drommeguiden.no/sv/drommar/manen/,18,213,8.5,4.5
https://drommeguiden.no/drommer/orm/,13,212,6.1,5.2
https://drommeguiden.no/sv/somn/somnfaser/,0,208,0,38.2
https://drommeguiden.no/sv/drommar/overfallen/,15,206,7.3,4.6
https://drommeguiden.no/sv/drommar/kallare/,16,203,7.9,2.8
https://drommeguiden.no/sv/drommar/tornado/,12,203,5.9,3.3
https://drommeguiden.no/sv/drommar/musik/,4,202,2,4.3
https://drommeguiden.no/drommer/vindu/,9,201,4.5,3.7
https://drommeguiden.no/en/dreams/dying/,0,201,0,34.0
https://drommeguiden.no/drommer/krokodille/,16,200,8,3.1
https://drommeguiden.no/en/dreams/hands/,2,199,1,23.1
https://drommeguiden.no/sv/guider/mardrom/,0,199,0,28.7
https://drommeguiden.no/sv/drommar/svamp/,13,198,6.6,3.3
https://drommeguiden.no/sv/drommar/homosexuell-drom/,11,198,5.6,4.0
https://drommeguiden.no/drommer/alkohol/,4,198,2,4.5
https://drommeguiden.no/en/dreams/elephant/,0,198,0,30.5
https://drommeguiden.no/en/dreams/cat/,0,198,0,34.8
https://drommeguiden.no/sv/drommar/hud/,12,197,6.1,4.3
https://drommeguiden.no/drommer/lynet/,12,196,6.1,3.9
https://drommeguiden.no/drommer/fengsel/,6,196,3.1,5.6
https://drommeguiden.no/drommer/strand/,4,196,2,7.2
https://drommeguiden.no/en/dreams/dolphin/,0,196,0,27.4
https://drommeguiden.no/en/dreams/partner/,2,195,1,11.3
https://drommeguiden.no/sv/somn/alkohol-somn/,2,194,1,29.3
https://drommeguiden.no/sv/drommar/jordbavning/,17,193,8.8,3.0
https://drommeguiden.no/en/dreams/shark/,1,193,0.5,25.8
https://drommeguiden.no/sv/drommar/farmor/,11,191,5.8,4.8
https://drommeguiden.no/drommer/maur/,13,190,6.8,3.1
https://drommeguiden.no/drommer/krangel/,11,189,5.8,3.8
https://drommeguiden.no/drommer/skole/,9,189,4.8,5.2
https://drommeguiden.no/en/dreams/bird/,0,189,0,32.4
https://drommeguiden.no/en/dreams/drowning/,0,189,0,62.1
https://drommeguiden.no/drommer/sykehus/,7,187,3.7,4.0
https://drommeguiden.no/en/dreams/accident/,0,186,0,7.6
https://drommeguiden.no/en/dreams/stairs/,0,186,0,33.7
https://drommeguiden.no/sv/drommar/vag/,6,185,3.2,4.5
https://drommeguiden.no/en/dreams/devil/,2,182,1.1,16.9
https://drommeguiden.no/drommer/avdod-person/#de-vanligste-tolkningene,0,182,0,6.3
https://drommeguiden.no/sv/somn/melatonin/,0,182,0,52.8
https://drommeguiden.no/drommer/avdod-person/#hva-betyr-det-å-drømme-om-en-avdød-person,0,181,0,6.3
https://drommeguiden.no/drommer/krabbe/,6,179,3.4,5.4
https://drommeguiden.no/en/dreams/keys/,3,179,1.7,20.8
https://drommeguiden.no/kategori/gjenstander/,2,178,1.1,6.9
https://drommeguiden.no/drommer/brann/#de-vanligste-tolkningene,0,176,0,2.8
https://drommeguiden.no/drommer/brann/#hva-betyr-det-å-drømme-om-brann,0,176,0,2.8
https://drommeguiden.no/drommer/brann/#hva-påvirker-tolkningen,0,176,0,2.8
https://drommeguiden.no/en/dreams/stone/,0,176,0,6.4
https://drommeguiden.no/drommer/avdod-person/#hva-påvirker-tolkningen,0,175,0,6.3
https://drommeguiden.no/sv/drommar/ros/,14,174,8,3.5
https://drommeguiden.no/en/dreams/car/,1,174,0.6,15.8
https://drommeguiden.no/drommer/hval/,11,173,6.4,4.0
https://drommeguiden.no/sv/drommar/berg/,7,173,4,4.3
https://drommeguiden.no/drommer/nokler/,7,173,4,5.1
https://drommeguiden.no/en/dreams/dress/,0,172,0,6.6
https://drommeguiden.no/drommer/ku/,20,171,11.7,4.0
https://drommeguiden.no/drommer/musikk/,6,171,3.5,3.9
https://drommeguiden.no/kategori/steder/,4,169,2.4,5.5
https://drommeguiden.no/en/dreams/heart/,1,169,0.6,11.5
https://drommeguiden.no/en/dreams/being-chased/,0,168,0,60.1
https://drommeguiden.no/sv/kategori/foremal/,2,166,1.2,6.8
https://drommeguiden.no/drommer/lys/,4,165,2.4,7.0
https://drommeguiden.no/en/guides/prophetic-dreams/,2,165,1.2,7.7
https://drommeguiden.no/en/dreams/mouse/,1,165,0.6,48.5
https://drommeguiden.no/en/dreams/money/,0,165,0,39.7
https://drommeguiden.no/drommer/hai/,21,164,12.8,3.7
https://drommeguiden.no/sv/drommar/stjarnor/,6,164,3.7,6.3
https://drommeguiden.no/en/dreams/church/,0,164,0,14.1
https://drommeguiden.no/en/sleep/sleep-stages/,0,163,0,70.0
https://drommeguiden.no/sv/drommar/grata/#vanliga-drömmar-om-att-gråta-och-deras-betydelse,0,161,0,2.8
https://drommeguiden.no/en/dreams/angels/,3,160,1.9,15.1
https://drommeguiden.no/sv/drommar/grata/#vad-betyder-det-att-drömma-om-att-gråta,0,160,0,2.9
https://drommeguiden.no/drommer/menstruasjon/,5,159,3.1,6.5
https://drommeguiden.no/sovn/menopause-sovn/,4,158,2.5,43.0
https://drommeguiden.no/en/category/objects/,3,158,1.9,8.4
https://drommeguiden.no/en/dreams/old-friend/,1,158,0.6,12.3
https://drommeguiden.no/en/dreams/naked/,1,158,0.6,51.6
https://drommeguiden.no/sv/drommar/far-djur/,14,157,8.9,3.7
https://drommeguiden.no/drommer/bro/,9,157,5.7,6.4
https://drommeguiden.no/en/dreams/house/,0,157,0,30.3
https://drommeguiden.no/drommer/drage/,6,156,3.8,5.2
https://drommeguiden.no/en/category/nature/,0,156,0,9.0
https://drommeguiden.no/drommer/fly-misser/,10,155,6.5,5.5
https://drommeguiden.no/drommer/tvillinger/,8,154,5.2,6.5
https://drommeguiden.no/sv/drommar/mage/,9,153,5.9,4.1
https://drommeguiden.no/drommer/delfin/,1,153,0.7,5.7
https://drommeguiden.no/drommer/sau/,5,152,3.3,8.5
https://drommeguiden.no/drommer/flom/,11,151,7.3,5.9
https://drommeguiden.no/en/dreams/ring/,0,151,0,21.8
https://drommeguiden.no/drommer/sykkel/,10,149,6.7,6.2
https://drommeguiden.no/drommer/homofil-drom/,10,147,6.8,5.6
https://drommeguiden.no/sv/drommar/do/#vad-betyder-det-att-drömma-om-att-dö,0,147,0,4.2
https://drommeguiden.no/sv/drommar/fjord/,0,147,0,9.8
https://drommeguiden.no/en/dreams/river/,0,147,0,14.6
https://drommeguiden.no/en/dreams/mirror/,0,147,0,22.4
https://drommeguiden.no/en/dreams/whale/,0,147,0,28.3
https://drommeguiden.no/sv/drommar/troll/,13,146,8.9,4.2
https://drommeguiden.no/sv/drommar/forlovning/,11,145,7.6,3.6
https://drommeguiden.no/sv/drommar/morkt-rum/,5,145,3.4,5.4
https://drommeguiden.no/drommer/jobbe-drom/,3,142,2.1,10.7
https://drommeguiden.no/en/dreams/alcohol/,0,142,0,8.1
https://drommeguiden.no/en/dreams/mouth/,0,142,0,15.2
https://drommeguiden.no/sv/drommar/mor/,4,141,2.8,7.0
https://drommeguiden.no/sv/drommar/sol/,1,141,0.7,7.5
https://drommeguiden.no/sv/drommar/granne/,4,140,2.9,5.2
https://drommeguiden.no/drommer/bil-uten-brems/,8,139,5.8,7.0
https://drommeguiden.no/drommer/hender/,5,139,3.6,8.9
https://drommeguiden.no/en/dreams/exam/,0,138,0,16.3
https://drommeguiden.no/drommer/ammende/,10,137,7.3,3.4
https://drommeguiden.no/drommer/reinsdyr/,5,137,3.6,4.2
https://drommeguiden.no/sv/drommar/strand/,2,137,1.5,6.1
https://drommeguiden.no/en/category/animals/,1,137,0.7,10.0
https://drommeguiden.no/en/guides/false-awakening/,1,137,0.7,12.7
https://drommeguiden.no/sv/drommar/grata/#tårar-som-förlöser,0,137,0,2.9
https://drommeguiden.no/sv/drommar/norrsken/,11,136,8.1,7.2
https://drommeguiden.no/sv/drommar/frammande/,8,136,5.9,5.5
https://drommeguiden.no/en/dreams/menstruation/,3,136,2.2,10.6
https://drommeguiden.no/en/dreams/gold/,1,136,0.7,21.2
https://drommeguiden.no/en/dreams/heaven/,0,135,0,10.0
https://drommeguiden.no/drommer/elv/,1,134,0.7,12.1
https://drommeguiden.no/en/dreams/burglar/,1,134,0.7,15.9
https://drommeguiden.no/sv/drommar/guldfisk/,8,133,6,4.1
https://drommeguiden.no/en/category/events/,1,133,0.8,7.6
https://drommeguiden.no/sv/somn/koffein-somn/,0,133,0,12.5
https://drommeguiden.no/en/dreams/wolf/,0,133,0,43.0
https://drommeguiden.no/drommer/baby-gutt/,4,132,3,8.8
https://drommeguiden.no/sovn/polyfasisk-sovn/,0,131,0,7.8
https://drommeguiden.no/sovn/koffein-sovn/,0,131,0,9.5
https://drommeguiden.no/en/dreams/birth/,0,131,0,31.1
https://drommeguiden.no/sv/drommar/baby-pojke/,3,130,2.3,7.0
https://drommeguiden.no/drommer/eksamen/,8,129,6.2,3.5
https://drommeguiden.no/en/dreams/winning-money/,0,129,0,9.7
https://drommeguiden.no/drommer/bror/,4,128,3.1,6.3
https://drommeguiden.no/en/dreams/same-sex-dream/,1,128,0.8,8.4
https://drommeguiden.no/sv/somn/somnproblem/,0,128,0,80.6
https://drommeguiden.no/en/dreams/father/,1,127,0.8,11.7
https://drommeguiden.no/en/dreams/school/,1,127,0.8,17.8
https://drommeguiden.no/drommer/gris/,10,124,8.1,6.3
https://drommeguiden.no/sv/kategori/platser/,3,124,2.4,5.9
https://drommeguiden.no/sv/drommar/sen/,3,123,2.4,5.0
https://drommeguiden.no/drommer/kjeller/,3,123,2.4,5.9
https://drommeguiden.no/en/dreams/deer/,2,123,1.6,7.6
https://drommeguiden.no/en/dreams/saving-someone/,1,123,0.8,11.4
https://drommeguiden.no/sv/drommar/doda/#vad-betyder-det-att-drömma-om-att-döda-någon,0,123,0,5.8
https://drommeguiden.no/sv/drommar/orgasm/#de-vanligaste-tolkningarna,0,123,0,10.1
https://drommeguiden.no/sv/drommar/orgasm/#vad-påverkar-tolkningen,0,123,0,10.1
https://drommeguiden.no/sv/drommar/pingvin/,7,120,5.8,4.9
https://drommeguiden.no/drommer/bad/,4,120,3.3,7.9
https://drommeguiden.no/sovn/hvorfor-drommer-vi/,2,119,1.7,22.7
https://drommeguiden.no/drommer/forlovelse/,1,119,0.8,12.7
https://drommeguiden.no/en/dreams/beach/,0,119,0,6.6
https://drommeguiden.no/en/dreams/lion/,0,119,0,56.3
https://drommeguiden.no/sv/drommar/forlora-barn/,5,118,4.2,6.1
https://drommeguiden.no/sv/drommar/bror/,8,117,6.8,5.1
https://drommeguiden.no/sovn/ptsd-drommer/,2,117,1.7,27.2
https://drommeguiden.no/drommer/tann/#fra-varsel-til-symbol,0,117,0,5.3
https://drommeguiden.no/drommer/tann/#overtroen-som-overlevde,0,117,0,5.3
https://drommeguiden.no/sv/somn/somnapne/,0,117,0,80.8
https://drommeguiden.no/drommer/tann/#halvannet-tusen-år-med-tanntap,0,116,0,5.3
https://drommeguiden.no/sv/drommar/is/,6,115,5.2,3.4
https://drommeguiden.no/drommer/bein/,4,115,3.5,7.1
https://drommeguiden.no/drommer/hjerte/,3,115,2.6,9.9
https://drommeguiden.no/en/category/water/,1,115,0.9,27.8
https://drommeguiden.no/drommer/stjerner/,0,115,0,7.2
https://drommeguiden.no/en/dreams/being-lost/,1,114,0.9,23.3
https://drommeguiden.no/drommer/mane/,4,113,3.5,7.5
https://drommeguiden.no/sv/drommar/bjorn/#vad-betyder-det-att-drömma-om-björn,0,113,0,3.2
https://drommeguiden.no/en/dreams/worm/,0,113,0,12.4
https://drommeguiden.no/en/dreams/ears/,1,112,0.9,10.6
https://drommeguiden.no/sovn/sovntilskudd/,0,112,0,57.6
https://drommeguiden.no/en/dreams/deceased-person/,0,110,0,34.6
https://drommeguiden.no/drommer/ulykke/,2,109,1.8,5.6
https://drommeguiden.no/en/dreams/flying/,0,109,0,40.1
https://drommeguiden.no/sv/guider/nattskrack/,0,108,0,36.5
https://drommeguiden.no/drommer/jord/,4,107,3.7,8.4
https://drommeguiden.no/en/dreams/sun/,0,107,0,15.3
https://drommeguiden.no/drommer/jordskjelv/,5,106,4.7,3.1
https://drommeguiden.no/guider/stress-og-drommer/,3,106,2.8,10.9
https://drommeguiden.no/sv/somn/klimakterie-somn/,1,106,0.9,55.5
https://drommeguiden.no/en/dreams/wasp/,0,106,0,8.4
https://drommeguiden.no/en/dreams/hair/,0,106,0,42.3
https://drommeguiden.no/sv/drommar/ren/,9,105,8.6,5.6
https://drommeguiden.no/drommer/dans/,3,105,2.9,5.4
https://drommeguiden.no/en/dreams/wound/,0,105,0,8.3
https://drommeguiden.no/drommer/tann/#det-kroppen-kanskje-forteller,0,104,0,5.3
https://drommeguiden.no/en/dreams/suitcase/,0,104,0,16.0
https://drommeguiden.no/sv/drommar/himmel/,2,103,1.9,5.4
https://drommeguiden.no/sv/drommar/bjorn/#de-vanligaste-tolkningarna,1,103,1,3.3
https://drommeguiden.no/en/dreams/head/,0,103,0,8.2
https://drommeguiden.no/sovn/sovn-immunforsvar/,0,103,0,29.9
https://drommeguiden.no/sovn/soverom-sovn/,0,103,0,55.8
https://drommeguiden.no/en/sleep/circadian-rhythm/,0,103,0,76.6
https://drommeguiden.no/en/dreams/food/,1,101,1,9.9
https://drommeguiden.no/sv/drommar/bjorn/#vad-påverkar-tolkningen,0,101,0,3.3
https://drommeguiden.no/drommer/skog/,3,100,3,7.5
https://drommeguiden.no/drommer/utroskap/#hva-betyr-det-å-drømme-om-utroskap,0,100,0,6.1
https://drommeguiden.no/en/dreams/ice/,2,99,2,15.1
https://drommeguiden.no/en/dreams/stars/,0,99,0,8.3
https://drommeguiden.no/sv/drommar/rygg/,4,98,4.1,3.5
https://drommeguiden.no/en/dreams/feet/,0,98,0,9.3
https://drommeguiden.no/en/dreams/ship/,0,98,0,11.9
https://drommeguiden.no/en/dreams/bear/,0,98,0,52.1
https://drommeguiden.no/sv/drommar/lax/,8,97,8.2,3.7
https://drommeguiden.no/sv/somn/varfor-drommer-vi/,1,97,1,29.0
https://drommeguiden.no/en/dreams/baby/,1,97,1,30.5
https://drommeguiden.no/sv/guider/profetiska-drommar/,0,97,0,3.6
https://drommeguiden.no/en/guides/colours-in-dreams/,0,97,0,13.1
https://drommeguiden.no/sv/drommar/vind/,9,96,9.4,8.7
https://drommeguiden.no/drommer/skip/,3,96,3.1,5.1
https://drommeguiden.no/sv/drommar/mun/,2,96,2.1,5.1
https://drommeguiden.no/kategori/kropp/,2,96,2.1,6.6
https://drommeguiden.no/sv/guider/klardromning/,0,96,0,19.3
https://drommeguiden.no/sv/guider/falskt-uppvaknande/,2,95,2.1,5.7
https://drommeguiden.no/sv/drommar/jord/,6,93,6.5,5.5
https://drommeguiden.no/sv/drommar/ljus/,3,93,3.2,4.3
https://drommeguiden.no/sv/drommar/do/#de-vanligaste-tolkningarna,0,93,0,4.2
https://drommeguiden.no/sv/drommar/doda/#de-vanligaste-tolkningarna,0,92,0,5.4
https://drommeguiden.no/sovn/vektet-teppe/,0,92,0,9.8
https://drommeguiden.no/sv/somn/polyfasisk-somn/,2,91,2.2,7.6
https://drommeguiden.no/sv/drommar/krig/#vad-betyder-det-att-drömma-om-krig,0,91,0,2.4
https://drommeguiden.no/drommer/storm/,0,91,0,9.3
https://drommeguiden.no/guider/hva-er-drommer/,0,91,0,23.2
https://drommeguiden.no/sovn/angst-sovn/,0,91,0,27.9
https://drommeguiden.no/sv/drommar/doda/#vad-påverkar-tolkningen,0,90,0,5.3
https://drommeguiden.no/sv/drommar/groda/#vad-betyder-det-att-drömma-om-groda,0,90,0,6.4
https://drommeguiden.no/drommer/ore/,1,89,1.1,5.3
https://drommeguiden.no/drommer/troll/,6,88,6.8,7.8
https://drommeguiden.no/en/dreams/light/,1,88,1.1,9.3
https://drommeguiden.no/guider/sovnparalyse/,1,88,1.1,12.0
https://drommeguiden.no/en/dreams/lightning/,0,88,0,19.4
https://drommeguiden.no/drommer/saar/,2,87,2.3,5.0
https://drommeguiden.no/sovn/hvit-stoy-sovn/,1,87,1.1,17.6
https://drommeguiden.no/sv/drommar/do/#vad-påverkar-tolkningen,0,87,0,4.2
https://drommeguiden.no/en/dreams/grandmother/,0,87,0,7.3
https://drommeguiden.no/drommer/operasjon/,8,86,9.3,4.8
https://drommeguiden.no/drommer/djevel/,6,86,7,5.4
https://drommeguiden.no/kategori/hendelser/,3,86,3.5,9.7
https://drommeguiden.no/drommer/pingvin/,2,86,2.3,6.4
https://drommeguiden.no/en/sleep/polyphasic-sleep/,0,86,0,69.7
https://drommeguiden.no/drommer/hytte/,1,84,1.2,8.8
https://drommeguiden.no/kategori/aandelig/,2,83,2.4,6.2
https://drommeguiden.no/sv/guider/aterkommande-drommar/#återkommande-drömmar--vad-försöker-hjärnan-säga,0,83,0,5.5
https://drommeguiden.no/sv/guider/aterkommande-drommar/#hur-tolkar-man-återkommande-drömmar,0,83,0,5.5
https://drommeguiden.no/sv/guider/aterkommande-drommar/#vad-kan-du-göra-åt-återkommande-drömmar,0,83,0,5.5
https://drommeguiden.no/en/dreams/rain/,0,83,0,30.2
https://drommeguiden.no/drommer/far/,7,82,8.5,4.0
https://drommeguiden.no/drommer/is/,1,82,1.2,3.9
https://drommeguiden.no/en/dreams/bridge/,0,82,0,9.2
https://drommeguiden.no/en/dreams/dark-room/,0,81,0,6.0
https://drommeguiden.no/sv/drommar/tomte/,3,80,3.8,5.0
https://drommeguiden.no/drommer/munn/,3,79,3.8,9.7
https://drommeguiden.no/drommer/gravid/#de-vanligste-tolkningene,0,79,0,4.6
https://drommeguiden.no/drommer/gravid/#hva-betyr-det-å-drømme-om-å-være-gravid,0,79,0,4.6
https://drommeguiden.no/drommer/gravid/#hva-påvirker-tolkningen,0,79,0,4.6
https://drommeguiden.no/en/dreams/door/,0,79,0,20.9
https://drommeguiden.no/sv/somn/tyngdtacke/,0,79,0,35.3
https://drommeguiden.no/drommer/sjef/,1,78,1.3,10.1
https://drommeguiden.no/sv/drommar/gravid/#något-annat-växer-i-det-tysta,0,78,0,5.2
https://drommeguiden.no/en/dreams/breastfeeding/,0,78,0,20.3
https://drommeguiden.no/drommer/hage/,3,77,3.9,5.7
https://drommeguiden.no/sv/drommar/gravid/#känslan-i-drömmen-säger-mer-än-själva-bilden,0,77,0,5.2
https://drommeguiden.no/sv/guider/aterkommande-drommar/#de-vanligaste-återkommande-drömmarna,0,77,0,5.5
https://drommeguiden.no/sv/guider/aterkommande-drommar/#vad-säger-forskningen,0,77,0,5.5
https://drommeguiden.no/sv/guider/dromjournalen/,0,77,0,7.3
https://drommeguiden.no/sovn/astralprosjeksjon/,0,77,0,10.5
https://drommeguiden.no/en/dreams/rainbow/,0,77,0,15.9
https://drommeguiden.no/sv/drommar/fingrar/,2,76,2.6,5.4
https://drommeguiden.no/drommer/falle/#de-vanligste-tolkningene,0,76,0,4.7
https://drommeguiden.no/drommer/falle/#hva-betyr-det-å-drømme-om-å-falle,0,76,0,4.7
https://drommeguiden.no/en/dreams/flood/,0,76,0,48.6
https://drommeguiden.no/drommer/himmel/,3,75,4,9.6
https://drommeguiden.no/sv/drommar/sno/#vad-betyder-det-att-drömma-om-snö,0,75,0,2.3
https://drommeguiden.no/drommer/bjorn/#hva-betyr-det-å-drømme-om-bjørn,0,75,0,3.1
https://drommeguiden.no/drommer/falle/#hva-påvirker-tolkningen,0,75,0,4.7
https://drommeguiden.no/sovn/depresjon-sovn/,0,74,0,41.1
https://drommeguiden.no/sv/drommar/oknen/,2,72,2.8,6.1
https://drommeguiden.no/drommer/morkt-rom/,1,72,1.4,5.6
https://drommeguiden.no/drommer/bestemor/,1,72,1.4,5.9
https://drommeguiden.no/en/dreams/crocodile/,0,72,0,28.3
https://drommeguiden.no/en/dreams/bee/,0,72,0,35.3
https://drommeguiden.no/drommer/hode/,0,71,0,5.2
https://drommeguiden.no/drommer/moerke/,2,69,2.9,10.5
https://drommeguiden.no/drommer/fot/,5,68,7.4,10.4
https://drommeguiden.no/drommer/papegoy/,3,68,4.4,3.1
https://drommeguiden.no/en/dreams/child-drowning/,1,68,1.5,7.5
https://drommeguiden.no/drommer/utroskap/#de-vanligste-tolkningene,0,68,0,6.0
https://drommeguiden.no/drommer/utroskap/#hva-påvirker-tolkningen,0,68,0,6.0
https://drommeguiden.no/sv/drommar/groda/#de-vanligaste-tolkningarna,0,68,0,6.3
https://drommeguiden.no/en/dreams/phone/,0,68,0,19.5
https://drommeguiden.no/drommer/bryst/,7,67,10.4,4.8
https://drommeguiden.no/sv/somn/astralprojektion/,2,67,3,7.9
https://drommeguiden.no/en/dreams/nails/,0,66,0,13.1
https://drommeguiden.no/drommer/soester/,5,65,7.7,7.7
https://drommeguiden.no/drommer/laks/,2,65,3.1,4.4
https://drommeguiden.no/sv/drommar/samlag/,1,65,1.5,7.4
https://drommeguiden.no/en/dreams/blood/,1,65,1.5,37.6
https://drommeguiden.no/sv/drommar/groda/#vad-påverkar-tolkningen,0,65,0,6.3
https://drommeguiden.no/en/dreams/forest/,0,65,0,21.1
https://drommeguiden.no/sv/drommar/huvud/,3,64,4.7,5.2
https://drommeguiden.no/sv/drommar/sno/#de-vanligaste-tolkningarna,0,64,0,2.2
https://drommeguiden.no/guider/lucid-dromming/#hva-er-egentlig-lucid-drømming,0,64,0,6.9
https://drommeguiden.no/guider/lucid-dromming/#mild-teknikken--hukommelsesbasert-induksjon,0,64,0,7.0
https://drommeguiden.no/drommer/slange/#de-vanligste-tolkningene,0,64,0,10.2
https://drommeguiden.no/drommer/slange/#hva-påvirker-tolkningen,0,64,0,10.2
https://drommeguiden.no/en/dreams/being-late/,0,64,0,18.7
https://drommeguiden.no/drommer/regn/,2,63,3.2,7.7
https://drommeguiden.no/drommer/bjorn/#de-vanligste-tolkningene,0,63,0,3.0
https://drommeguiden.no/drommer/bjorn/#hva-påvirker-tolkningen,0,63,0,3.0
https://drommeguiden.no/sv/drommar/avliden-person/#när-sorgen-fortsätter-arbeta-i-drömmen,0,63,0,4.5
https://drommeguiden.no/guider/lucid-dromming/#realitetssjekker--grunnlaget-for-lucid-drømming,0,63,0,6.9
https://drommeguiden.no/guider/lucid-dromming/#wild-teknikken--direkte-overgang-til-lucid-drøm,0,63,0,7.0
https://drommeguiden.no/sv/drommar/avliden-person/#drömmar-som-bär-de-döda-vidare,0,62,0,4.5
https://drommeguiden.no/en/,0,62,0,13.6
https://drommeguiden.no/sv/drommar/bli-raddad/,1,61,1.6,5.3
https://drommeguiden.no/sv/drommar/avliden-person/#variationer-du-inte-behöver-oroa-dig-för,0,61,0,4.5
https://drommeguiden.no/drommer/stavkirke/,0,61,0,9.9
https://drommeguiden.no/drommer/rygg/,2,60,3.3,4.3
https://drommeguiden.no/guider/lucid-dromming/#hva-kan-du-bruke-lucid-drømming-til,0,60,0,7.0
https://drommeguiden.no/en/dreams/storm/,0,60,0,33.2
https://drommeguiden.no/en/dreams/uncle/,1,59,1.7,4.9
https://drommeguiden.no/en/dreams/garden/,1,59,1.7,8.8
https://drommeguiden.no/sv/drommar/bil/#vad-betyder-det-att-drömma-om-bil,0,59,0,5.0
https://drommeguiden.no/guider/lucid-dromming/#fordeler-og-ulemper--en-balansert-vurdering,0,59,0,7.0
https://drommeguiden.no/guider/lucid-dromming/#lucid-drømming--slik-tar-du-kontroll,0,59,0,7.0
https://drommeguiden.no/sv/drommar/underliv/,5,58,8.6,4.1
https://drommeguiden.no/drommer/rose/,3,58,5.2,4.9
https://drommeguiden.no/en/dreams/sheep/,1,58,1.7,17.6
https://drommeguiden.no/sv/drommar/sno/#vad-påverkar-tolkningen,0,58,0,2.3
https://drommeguiden.no/sv/drommar/krig/#de-vanligaste-tolkningarna,0,58,0,2.4
https://drommeguiden.no/drommer/katt/#de-vanligste-tolkningene,0,58,0,5.5
https://drommeguiden.no/drommer/katt/#hva-betyr-det-å-drømme-om-katt,0,58,0,5.5
https://drommeguiden.no/sv/drommar/farfar/,4,57,7,4.8
https://drommeguiden.no/drommer/fingre/,2,57,3.5,5.9
https://drommeguiden.no/en/dreams/northern-lights/,1,57,1.8,6.5
https://drommeguiden.no/drommer/bli-reddet/,1,57,1.8,7.3
https://drommeguiden.no/en/dreams/teeth/,0,57,0,69.9
https://drommeguiden.no/sv/drommar/tradgard/,5,56,8.9,3.8
https://drommeguiden.no/sv/somn/ptsd-drommar/,1,56,1.8,18.8
https://drommeguiden.no/en/sleep/norse-dream-sagas/,1,55,1.8,7.1
https://drommeguiden.no/en/dreams/child/,1,55,1.8,8.6
https://drommeguiden.no/sv/drommar/krokodil/#vad-betyder-det-att-drömma-om-krokodil,0,55,0,3.3
https://drommeguiden.no/en/dreams/water/,0,55,0,34.3
https://drommeguiden.no/sv/somn/somn-immunforsvar/,0,55,0,75.7
https://drommeguiden.no/drommer/engler/,2,54,3.7,3.9
https://drommeguiden.no/drommer/bli-fortapt/,2,54,3.7,7.0
https://drommeguiden.no/sv/guider/drommar-om-avlidna/,1,54,1.9,8.5
https://drommeguiden.no/drommer/katt/#hva-påvirker-tolkningen,0,53,0,5.6
https://drommeguiden.no/en/dreams/flower/,0,53,0,18.7
https://drommeguiden.no/sv/drommar/bok/,3,52,5.8,3.8
https://drommeguiden.no/drommer/loft/,1,52,1.9,8.1
https://drommeguiden.no/drommer/sol/,1,52,1.9,8.2
https://drommeguiden.no/guider/,1,52,1.9,22.9
https://drommeguiden.no/sv/drommar/do/#övergång-frigörelse-och-existentiell-oro,0,52,0,4.2
https://drommeguiden.no/en/dreams/sex-with-a-stranger/,0,52,0,8.2
https://drommeguiden.no/en/dreams/troll/,1,51,2,4.6
https://drommeguiden.no/sv/drommar/krig/#vad-påverkar-tolkningen,0,51,0,2.4
https://drommeguiden.no/sv/drommar/tiger/#vad-betyder-det-att-drömma-om-tiger,0,51,0,3.1
https://drommeguiden.no/en/dreams/crying/,0,51,0,32.3
https://drommeguiden.no/sv/drommar/far/,3,50,6,4.1
https://drommeguiden.no/drommer/hud/,2,50,4,5.3
https://drommeguiden.no/drommer/nisse/,2,50,4,12.8
https://drommeguiden.no/drommer/redde-noen/,1,50,2,5.7
https://drommeguiden.no/drommer/krig/#hva-betyr-det-å-drømme-om-krig,0,50,0,3.9
https://drommeguiden.no/en/dreams/tree/,0,50,0,9.8
https://drommeguiden.no/en/dreams/fox/,0,50,0,9.9
https://drommeguiden.no/sovn/alkohol-sovn/,0,50,0,22.4
https://drommeguiden.no/sv/somn/drommar-och-hjarnan/,0,50,0,39.5
https://drommeguiden.no/sv/drommar/forlora/,1,49,2,4.9
https://drommeguiden.no/sv/drommar/oas/,1,48,2.1,8.0
https://drommeguiden.no/en/dreams/rat/,1,48,2.1,22.9
https://drommeguiden.no/sv/somn/depression-somn/,1,48,2.1,25.4
https://drommeguiden.no/sv/drommar/krokodil/#de-vanligaste-tolkningarna,0,48,0,3.4
https://drommeguiden.no/sv/drommar/krokodil/#vad-påverkar-tolkningen,0,48,0,3.4
https://drommeguiden.no/drommer/sopp/,3,47,6.4,4.7
https://drommeguiden.no/drommer/drukne/#de-vanligste-tolkningene,0,47,0,3.2
https://drommeguiden.no/drommer/drukne/#hva-betyr-det-å-drømme-om-å-drukne,0,47,0,3.2
https://drommeguiden.no/sv/drommar/drunkna/#vad-betyder-det-att-drömma-om-att-drunkna,0,47,0,3.7
https://drommeguiden.no/drommer/krig/#de-vanligste-tolkningene,0,46,0,3.9
https://drommeguiden.no/sv/drommar/ek/,0,46,0,5.1
https://drommeguiden.no/drommer/utlandet/,2,45,4.4,5.8
https://drommeguiden.no/sv/drommar/gud/,2,45,4.4,6.0
https://drommeguiden.no/sv/drommar/drunkna/#de-vanligaste-tolkningarna,0,45,0,3.4
https://drommeguiden.no/drommer/krig/#hva-påvirker-tolkningen,0,45,0,3.9
https://drommeguiden.no/drommer/tornado/,2,44,4.5,5.5
https://drommeguiden.no/sv/drommar/tiger/#de-vanligaste-tolkningarna,0,44,0,3.3
https://drommeguiden.no/sv/drommar/drunkna/#vad-påverkar-tolkningen,0,44,0,3.4
https://drommeguiden.no/sv/drommar/bil/#de-vanligaste-tolkningarna,0,44,0,4.0
https://drommeguiden.no/en/dreams/shame/,0,44,0,9.3
https://drommeguiden.no/en/dreams/a-to-z/,0,44,0,31.3
https://drommeguiden.no/sv/kategori/handelser/,1,43,2.3,7.5
https://drommeguiden.no/en/dreams/crab/,1,43,2.3,10.1
https://drommeguiden.no/drommer/drukne/#hva-påvirker-tolkningen,0,43,0,3.1
https://drommeguiden.no/sv/drommar/tiger/#vad-påverkar-tolkningen,0,43,0,3.3
https://drommeguiden.no/sv/drommar/hav/#de-vanligaste-tolkningarna,0,43,0,3.7
https://drommeguiden.no/sv/drommar/hav/#vad-betyder-det-att-drömma-om-havet,0,43,0,3.7
https://drommeguiden.no/drommer/penger/#de-vanligste-tolkningene,0,43,0,3.9
https://drommeguiden.no/drommer/penger/#hva-betyr-det-å-drømme-om-penger,0,43,0,3.9
https://drommeguiden.no/drommer/penger/#hva-påvirker-tolkningen,0,43,0,3.9
https://drommeguiden.no/sv/drommar/do/#hur-du-upplevde-döden-i-drömmen,0,43,0,4.6
https://drommeguiden.no/en/sleep/ptsd-and-dreams/,0,43,0,69.0
https://drommeguiden.no/en/dreams/frog/,1,42,2.4,23.4
https://drommeguiden.no/sv/drommar/bil/#vad-påverkar-tolkningen,0,42,0,4.1
https://drommeguiden.no/sv/drommar/do/#förvandling-inte-förutsägelse,0,42,0,4.6
https://drommeguiden.no/en/dreams/darkness/,0,42,0,13.0
https://drommeguiden.no/sv/drommar/hav/#vad-påverkar-tolkningen,0,41,0,3.8
https://drommeguiden.no/sv/drommar/hus/#vad-betyder-det-att-drömma-om-hus,0,41,0,4.7
https://drommeguiden.no/en/dreams/flames/,0,41,0,10.9
https://drommeguiden.no/drommer/ild/,2,40,5,10.3
https://drommeguiden.no/guider/gjentakende-drommer/,1,40,2.5,8.4
https://drommeguiden.no/drommer/kirke/,0,40,0,6.4
https://drommeguiden.no/sv/drommar/lavin/,8,39,20.5,2.4
https://drommeguiden.no/drommer/snoskred/,3,39,7.7,11.0
https://drommeguiden.no/sv/drommar/alv/,1,39,2.6,5.6
https://drommeguiden.no/drommer/rotte/#hva-betyr-det-å-drømme-om-rotte,0,39,0,2.7
https://drommeguiden.no/drommer/rotte/#vanlige-drømmer-om-rotte-og-deres-betydning,0,39,0,2.7
https://drommeguiden.no/sv/drommar/tand/#vad-betyder-det-att-drömma-om-tänder,0,39,0,6.1
https://drommeguiden.no/en/dreams/surgery/,0,39,0,7.2
https://drommeguiden.no/drommer/oke/,0,39,0,16.1
https://drommeguiden.no/en/guides/lucid-dreaming/,0,39,0,41.9
https://drommeguiden.no/drommer/nabo/,3,38,7.9,4.6
https://drommeguiden.no/drommer/mage/,3,38,7.9,13.7
https://drommeguiden.no/drommer/vei/,1,38,2.6,3.6
https://drommeguiden.no/en/dreams/neighbor/,1,38,2.6,5.1
https://drommeguiden.no/drommer/rotte/#skyggen-og-det-vi-helst-overser,0,38,0,2.7
https://drommeguiden.no/drommer/falle/#kontrollen-som-glipper,0,38,0,4.1
https://drommeguiden.no/drommer/falle/#når-fallet-er-noe-mer-enn-en-rykning,0,38,0,4.1
https://drommeguiden.no/drommer/falle/#rykket-i-det-du-sovner,0,38,0,4.1
https://drommeguiden.no/sovn/dognrytme/,0,38,0,12.7
https://drommeguiden.no/sv/drommar/stuga/,1,37,2.7,5.9
https://drommeguiden.no/en/dreams/window/,1,37,2.7,7.0
https://drommeguiden.no/drommer/overfalt/,1,37,2.7,8.1
https://drommeguiden.no/sv/somn/angest-somn/,1,37,2.7,47.1
https://drommeguiden.no/drommer/drepe/#hva-betyr-det-å-drømme-om-å-drepe-noen,0,37,0,2.5
https://drommeguiden.no/sv/drommar/hus/#de-vanligaste-tolkningarna,0,37,0,4.5
https://drommeguiden.no/sv/drommar/tand/#de-vanligaste-tolkningarna,0,37,0,6.1
https://drommeguiden.no/sovn/drommer-og-hjernen/,0,37,0,8.0
https://drommeguiden.no/en/dreams/road/,0,37,0,8.4
https://drommeguiden.no/en/dreams/god/,0,37,0,9.6
https://drommeguiden.no/sv/guider/somnforlamning/,0,37,0,10.8
https://drommeguiden.no/en/dreams/pregnant-man/,0,37,0,15.2
https://drommeguiden.no/sv/somn/dygnsrytm/,1,36,2.8,39.9
https://drommeguiden.no/drommer/eksen/#de-vanligste-tolkningene,0,36,0,3.1
https://drommeguiden.no/drommer/eksen/#hva-betyr-det-å-drømme-om-eksen,0,36,0,3.1
https://drommeguiden.no/drommer/eksen/#hva-påvirker-tolkningen,0,36,0,3.1
https://drommeguiden.no/sv/drommar/hus/#vad-påverkar-tolkningen,0,36,0,4.4
https://drommeguiden.no/guider/profetiske-drommer/,0,36,0,7.1
https://drommeguiden.no/en/dreams/cow/,0,36,0,10.1
https://drommeguiden.no/en/sleep/why-we-dream/,0,36,0,53.6
https://drommeguiden.no/sv/drommar/toalett/#vad-betyder-det-att-drömma-om-toalett,0,35,0,3.7
https://drommeguiden.no/sv/drommar/toalett/#vanliga-drömmar-om-toalett-och-deras-betydelse,0,35,0,3.7
https://drommeguiden.no/sv/drommar/katt/#vad-betyder-det-att-drömma-om-katt,0,35,0,5.9
https://drommeguiden.no/drommer/fjord/,0,35,0,8.6
https://drommeguiden.no/sv/drommar/forfoljd/#de-vanligaste-tolkningarna,0,34,0,2.6
https://drommeguiden.no/sv/drommar/forfoljd/#vad-betyder-det-att-drömma-om-att-bli-förföljd,0,34,0,2.6
https://drommeguiden.no/sv/drommar/forfoljd/#vad-påverkar-tolkningen,0,34,0,2.6
https://drommeguiden.no/drommer/gud/,0,34,0,6.0
https://drommeguiden.no/en/category/spiritual/,0,34,0,9.7
https://drommeguiden.no/en/category/people/,0,34,0,18.6
https://drommeguiden.no/sv/drommar/krig/#vilket-krig-ditt-sinne-egentligen-utkämpar,0,33,0,2.2
https://drommeguiden.no/sv/drommar/tand/#vad-påverkar-tolkningen,0,33,0,6.1
https://drommeguiden.no/drommer/utroskap/#hvem-som-var-utro-mot-hvem,0,33,0,6.4
https://drommeguiden.no/en/sleep/grief-and-sleep/,0,33,0,7.8
https://drommeguiden.no/drommer/tape/,0,33,0,9.3
https://drommeguiden.no/sv/somn/traning-somn/,0,33,0,50.6
https://drommeguiden.no/sv/drommar/sjukdom/#vad-betyder-det-att-drömma-om-att-bli-sjuk,0,32,0,2.3
https://drommeguiden.no/drommer/drepe/#de-vanligste-tolkningene,0,32,0,2.6
https://drommeguiden.no/sv/drommar/brand/#eldens-många-ansikten,0,32,0,2.8
https://drommeguiden.no/sv/drommar/gravid/#något-som-håller-på-att-bli-till,0,32,0,4.8
https://drommeguiden.no/en/dreams/penguin/,0,32,0,6.5
https://drommeguiden.no/en/sleep/dreams-and-the-brain/,0,32,0,20.8
https://drommeguiden.no/sv/drommar/mask/,2,31,6.5,2.3
https://drommeguiden.no/sv/drommar/helvete/,1,31,3.2,4.4
https://drommeguiden.no/sv/drommar/krig/#din-roll-på-slagfältet,0,31,0,2.2
https://drommeguiden.no/drommer/drepe/#hva-påvirker-tolkningen,0,31,0,2.5
https://drommeguiden.no/sv/drommar/brand/#eld-som-förstör-och-förvandlar,0,31,0,2.8
https://drommeguiden.no/sv/drommar/brand/#vad-elden-gjorde-i-drömmen,0,31,0,2.8
https://drommeguiden.no/drommer/har/#hva-betyr-det-å-drømme-om-hår,0,31,0,4.3
https://drommeguiden.no/en/dreams/desert/,0,31,0,5.9
https://drommeguiden.no/sv/drommar/ex/#vad-betyder-det-att-drömma-om-ex,0,31,0,7.2
https://drommeguiden.no/sv/drommar/doda/#vad-mordet-i-drömmen-egentligen-riktar-sig-mot,0,31,0,7.3
https://drommeguiden.no/guider/barn-og-drommer/#gjentakende-mareritt-hos-barn,0,31,0,7.9
https://drommeguiden.no/guider/barn-og-drommer/#hva-forteller-barnas-drømmer-oss,0,31,0,7.9
https://drommeguiden.no/guider/barn-og-drommer/#hvordan-snakke-med-barn-om-drømmene,0,31,0,7.9
https://drommeguiden.no/guider/barn-og-drommer/#lucide-drømmer-hos-barn,0,31,0,7.9
https://drommeguiden.no/guider/barn-og-drommer/#mareritt-er-normalt--og-vanligst-hos-barn,0,31,0,7.9
https://drommeguiden.no/guider/barn-og-drommer/#når-begynner-barn-å-drømme,0,31,0,7.9
https://drommeguiden.no/drommer/onkel/,0,31,0,18.2
https://drommeguiden.no/drommer/vinne/,1,30,3.3,21.7
https://drommeguiden.no/drommer/har/#hva-påvirker-tolkningen,0,30,0,4.3
https://drommeguiden.no/drommer/utroskap/#usikkerheten-som-ikke-er-sagt-høyt,0,30,0,6.6
https://drommeguiden.no/drommer/tante/,0,30,0,6.8
https://drommeguiden.no/sv/drommar/doda/#offret-känslan-och-vad-de-berättar-för-dig,0,30,0,7.2
https://drommeguiden.no/sv/drommar/ex/#de-vanligaste-tolkningarna,0,30,0,7.2
https://drommeguiden.no/sovn/trening-sovn/,0,30,0,34.5
https://drommeguiden.no/drommer/lykke/,2,29,6.9,8.6
https://drommeguiden.no/drommer/bryllup/#hva-betyr-det-å-drømme-om-bryllup,1,29,3.4,2.3
https://drommeguiden.no/sv/drommar/vatten/,1,29,3.4,5.2
https://drommeguiden.no/en/dreams/breaking-up/,1,29,3.4,16.9
https://drommeguiden.no/drommer/frosk/#hva-betyr-det-å-drømme-om-frosk,0,29,0,2.6
https://drommeguiden.no/drommer/har/#de-vanligste-tolkningene,0,29,0,4.4
https://drommeguiden.no/en/dreams/argument/,0,29,0,14.4
https://drommeguiden.no/drommer/bestefar/,3,28,10.7,14.6
https://drommeguiden.no/sv/drommar/ex/#vad-påverkar-tolkningen,0,28,0,7.2
https://drommeguiden.no/en/dreams/,0,28,0,16.6
https://drommeguiden.no/en/dreams/snake/,0,28,0,40.8
https://drommeguiden.no/sv/drommar/moster/,1,27,3.7,5.8
https://drommeguiden.no/drommer/gullfisk/,0,27,0,4.3
https://drommeguiden.no/drommer/ensomhet/,0,27,0,5.3
https://drommeguiden.no/en/dreams/dancing/,0,27,0,8.7
https://drommeguiden.no/sv/drommar/lycka/,1,26,3.8,3.7
https://drommeguiden.no/sv/drommar/har/#vad-betyder-det-att-drömma-om-hår,0,26,0,3.3
https://drommeguiden.no/kategori/,0,26,0,6.5
https://drommeguiden.no/drommer/sommerfugl/#fra-puppe-til-vinger,0,26,0,8.8
https://drommeguiden.no/drommer/sommerfugl/#hva-betyr-det-å-drømme-om-sommerfugl,0,26,0,8.8
https://drommeguiden.no/drommer/sommerfugl/#landingen-fargen-og-skjørheten,0,26,0,8.8
https://drommeguiden.no/sv/somn/somn-aldre/,0,26,0,39.5
https://drommeguiden.no/en/guides/night-terrors/,0,26,0,44.3
https://drommeguiden.no/drommer/skamme/,2,25,8,15.7
https://drommeguiden.no/en/dreams/salmon/,1,25,4,7.4
https://drommeguiden.no/sv/drommar/sjukdom/#de-vanligaste-tolkningarna,0,25,0,2.3
https://drommeguiden.no/sv/drommar/sjukdom/#vad-påverkar-tolkningen,0,25,0,2.3
https://drommeguiden.no/sovn/norrene-drommesagaer/,0,25,0,4.4
https://drommeguiden.no/drommer/tiger/#de-vanligste-tolkningene,0,24,0,2.3
https://drommeguiden.no/drommer/tiger/#hva-betyr-det-å-drømme-om-tiger,0,24,0,2.3
https://drommeguiden.no/drommer/tiger/#hva-påvirker-tolkningen,0,24,0,2.3
https://drommeguiden.no/sv/drommar/sex/#vad-betyder-det-att-drömma-om-sex,0,24,0,5.9
https://drommeguiden.no/sv/drommar/fjaril/#förvandling-själ-och-lätthet,0,24,0,11.0
https://drommeguiden.no/en/guides/dreams-of-the-dead/,0,24,0,26.0
https://drommeguiden.no/sv/drommar/tenta/,3,23,13,8.1
https://drommeguiden.no/en/dreams/stomach/,1,23,4.3,7.9
https://drommeguiden.no/drommer/frosk/#de-vanligste-tolkningene,0,23,0,2.4
https://drommeguiden.no/drommer/frosk/#hva-påvirker-tolkningen,0,23,0,2.4
https://drommeguiden.no/sv/drommar/brollop/#vad-betyder-det-att-drömma-om-bröllop,0,23,0,4.7
https://drommeguiden.no/en/dreams/aunt/,0,23,0,5.9
https://drommeguiden.no/sv/somn/nordiska-dromsagor/,0,23,0,7.0
https://drommeguiden.no/en/dreams/missing-a-flight/,0,23,0,8.9
https://drommeguiden.no/en/dreams/toilet/,0,23,0,30.3
https://drommeguiden.no/sv/drommar/arr/,1,22,4.5,5.7
https://drommeguiden.no/drommer/nordlys/,1,22,4.5,7.5
https://drommeguiden.no/guider/falsk-oppvakning/#det-psykologiske-perspektivet,0,22,0,2.5
https://drommeguiden.no/guider/falsk-oppvakning/#gjentakende-falsk-oppvåkning,0,22,0,2.5
https://drommeguiden.no/guider/falsk-oppvakning/#hva-er-falsk-oppvåkning,0,22,0,2.5
https://drommeguiden.no/guider/falsk-oppvakning/#hvorfor-skjer-det,0,22,0,2.5
https://drommeguiden.no/guider/falsk-oppvakning/#koblingen-til-lucid-dreaming,0,22,0,2.5
https://drommeguiden.no/guider/falsk-oppvakning/#to-typer-falsk-oppvåkning,0,22,0,2.5
https://drommeguiden.no/sv/drommar/flyga/#vad-betyder-det-att-drömma-om-att-flyga,0,22,0,2.9
https://drommeguiden.no/drommer/baby/#de-vanligste-tolkningene,0,22,0,3.3
https://drommeguiden.no/drommer/baby/#hva-betyr-det-å-drømme-om-baby,0,22,0,3.3
https://drommeguiden.no/drommer/baby/#hva-påvirker-tolkningen,0,22,0,3.3
https://drommeguiden.no/sv/drommar/har/#de-vanligaste-tolkningarna,0,22,0,3.6
https://drommeguiden.no/sv/drommar/har/#vad-påverkar-tolkningen,0,22,0,3.6
https://drommeguiden.no/sv/drommar/morbror/,0,22,0,4.7
https://drommeguiden.no/sv/drommar/groda/#förvandling-vatten-och-dold-potential,0,22,0,6.5
https://drommeguiden.no/sv/drommar/groda/#grön-och-frisk-eller-stilla-och-torr,0,22,0,6.5
https://drommeguiden.no/sv/drommar/groda/#metamorfos-regn-och-det-som-hoppar-fram,0,22,0,6.5
https://drommeguiden.no/drommer/oase/,0,22,0,10.2
https://drommeguiden.no/sv/drommar/ensamhet/,2,21,9.5,3.4
https://drommeguiden.no/en/dreams/losing-a-baby/,0,21,0,7.0
https://drommeguiden.no/sv/drommar/fjaril/#de-vanligaste-tolkningarna,0,21,0,11.0
https://drommeguiden.no/sv/drommar/fjaril/#vad-påverkar-tolkningen,0,21,0,11.0
https://drommeguiden.no/sovn/sovn-eldre/,0,21,0,11.2
https://drommeguiden.no/sv/somn/vad-ar-somn/,0,21,0,72.1
https://drommeguiden.no/sv/drommar/krig/#den-inre-och-den-yttre-konflikten,0,20,0,2.2
https://drommeguiden.no/sv/drommar/grata/#psykologiskt-perspektiv,0,20,0,2.6
https://drommeguiden.no/drommer/fodsel/#de-vanligste-tolkningene,0,20,0,10.5
https://drommeguiden.no/drommer/fodsel/#hva-påvirker-tolkningen,0,20,0,10.5
https://drommeguiden.no/drommer/vaere-gravid-mann/,1,19,5.3,7.9
https://drommeguiden.no/en/dreams/being-attacked/,1,19,5.3,10.2
https://drommeguiden.no/sv/drommar/katt/#de-vanligaste-tolkningarna,0,19,0,5.7
https://drommeguiden.no/sv/drommar/katt/#vad-påverkar-tolkningen,0,19,0,5.7
https://drommeguiden.no/sv/drommar/hund/#den-äldsta-följeslagaren--lojalitet-och-instinkt,0,19,0,7.4
https://drommeguiden.no/sv/drommar/hund/#den-lojala-följeslagaren,0,19,0,7.4
https://drommeguiden.no/sv/drommar/hund/#vakthundsinstinkten,0,19,0,7.4
https://drommeguiden.no/en/dreams/sex-with-a-coworker/,0,19,0,7.5
https://drommeguiden.no/sovn/sovnapper/,0,19,0,9.0
https://drommeguiden.no/sv/drommar/skammas/,0,18,0,1.8
https://drommeguiden.no/drommer/rev/#hva-betyr-det-å-drømme-om-rev,0,18,0,3.6
https://drommeguiden.no/sv/drommar/falla/#vad-betyder-det-att-drömma-om-att-falla,0,18,0,4.5
https://drommeguiden.no/sv/somn/beromda-drommar/,0,18,0,6.9
https://drommeguiden.no/drommer/vikingskip/,0,18,0,22.4
https://drommeguiden.no/en/dreams/pig/,0,18,0,46.9
https://drommeguiden.no/sv/guider/,0,18,0,57.7
https://drommeguiden.no/sv/drommar/gral/,4,17,23.5,3.5
https://drommeguiden.no/drommer/hest/#hva-betyr-det-å-drømme-om-hest,0,17,0,2.5
https://drommeguiden.no/drommer/hest/#ulike-hester-ulike-budskap--fra-galopp-til-fall,0,17,0,2.5
https://drommeguiden.no/sv/drommar/flyga/#de-vanligaste-tolkningarna,0,17,0,2.9
https://drommeguiden.no/drommer/rev/#når-listigheten-er-en-styrke--og-når-den-lurer-deg,0,17,0,3.5
https://drommeguiden.no/drommer/rev/#sjarmerende-jagende-eller-strålende-rød,0,17,0,3.5
https://drommeguiden.no/sv/drommar/doda/#att-göra-slut-på-något--symboliskt-våld,0,17,0,7.1
https://drommeguiden.no/sv/somn/somnappar/,0,17,0,7.6
https://drommeguiden.no/drommer/sommerfugl/#forvandling-sjel-og-letthet,0,17,0,8.8
https://drommeguiden.no/drommer/vann/,2,16,12.5,3.2
https://drommeguiden.no/drommer/bryllup/#de-vanligste-tolkningene,0,16,0,2.6
https://drommeguiden.no/drommer/bryllup/#hva-påvirker-tolkningen,0,16,0,2.6
https://drommeguiden.no/drommer/hest/#mellom-fri-galopp-og-kraften-som-driver-deg,0,16,0,2.6
https://drommeguiden.no/en/dreams/music/,0,16,0,4.9
https://drommeguiden.no/sv/drommar/sex/#de-vanligaste-tolkningarna,0,16,0,5.9
https://drommeguiden.no/sv/drommar/sex/#vad-påverkar-tolkningen,0,16,0,5.9
https://drommeguiden.no/sv/drommar/katt/#den-oläsliga-naturen-vad-katten-speglar,0,16,0,6.2
https://drommeguiden.no/en/dreams/bath/,0,16,0,7.3
https://drommeguiden.no/sv/drommar/bil/#fart-broms-och-det-som-inte-går-att-stoppa,0,16,0,7.9
https://drommeguiden.no/sv/drommar/bil/#riktning-kontroll-och-förändring,0,16,0,7.9
https://drommeguiden.no/sv/somn/sorg-somn/,0,16,0,10.3
https://drommeguiden.no/drommer/helvete/,0,16,0,27.0
https://drommeguiden.no/drommer/grate/#tårer-som-forløser,0,15,0,2.0
https://drommeguiden.no/sv/drommar/flyga/#vad-påverkar-tolkningen,0,15,0,3.0
https://drommeguiden.no/drommer/slange/#gift-og-legedom-slangens-doble-natur,0,15,0,3.4
https://drommeguiden.no/drommer/slange/#hva-oppførselen-til-slangen-forteller-deg,0,15,0,3.4
https://drommeguiden.no/drommer/slange/#når-slangen-skifter-ham,0,15,0,3.4
https://drommeguiden.no/drommer/krage/#én-kråke-en-hel-flokk-eller-ett-ord-som-blir-sagt,0,15,0,4.9
https://drommeguiden.no/drommer/krage/#hva-betyr-det-å-drømme-om-kråke,0,15,0,4.9
https://drommeguiden.no/sv/drommar/katt/#det-oberoende-och-det-mystiska,0,15,0,6.5
https://drommeguiden.no/sv/drommar/katt/#sinnlighet-och-feminin-energi,0,15,0,6.5
https://drommeguiden.no/kontakt/,0,15,0,7.1
https://drommeguiden.no/sv/drommar/bil/#vem-sitter-bakom-ratten,0,15,0,7.9
https://drommeguiden.no/en/dreams/swimming/,0,15,0,9.7
https://drommeguiden.no/en/dreams/moon/,0,15,0,17.0
https://drommeguiden.no/drommer/underliv/,2,14,14.3,3.8
https://drommeguiden.no/drommer/grate/#hva-betyr-det-å-drømme-om-å-gråte,1,14,7.1,2.0
https://drommeguiden.no/drommer/grate/#vanlige-drømmer-om-å-gråte-og-deres-betydning,0,14,0,2.0
https://drommeguiden.no/drommer/krage/#budbringer-mellom-det-kjente-og-det-som-kommer,0,14,0,5.1
https://drommeguiden.no/en/dreams/twins/,0,14,0,14.1
https://drommeguiden.no/en/dreams/ex/,0,14,0,29.1
https://drommeguiden.no/sv/drommar/falla/#när-fallet-är-något-mer-än-en-ryckning,1,13,7.7,4.6
https://drommeguiden.no/drommer/bunad/,1,13,7.7,4.9
https://drommeguiden.no/drommer/bryllup/#løftet-og-vendepunktet,0,13,0,2.0
https://drommeguiden.no/drommer/bryllup/#stemningen-i-seremonien,0,13,0,2.0
https://drommeguiden.no/sv/drommar/falla/#kontrollen-som-glider,0,13,0,4.6
https://drommeguiden.no/sv/drommar/falla/#när-kroppen-och-sinnet-faller-samman,0,13,0,4.6
https://drommeguiden.no/en/guides/nordic-dream-symbols/,0,13,0,5.2
https://drommeguiden.no/drommer/bil/#de-vanligste-tolkningene,0,13,0,5.3
https://drommeguiden.no/drommer/bil/#hva-betyr-det-å-drømme-om-bil,0,13,0,5.3
https://drommeguiden.no/drommer/bok/,0,13,0,5.4
https://drommeguiden.no/en/dreams/parrot/,0,13,0,5.8
https://drommeguiden.no/sv/drommar/stavkyrka/,0,13,0,10.2
https://drommeguiden.no/drommer/sommerfugl/#de-vanligste-tolkningene,0,13,0,10.9
https://drommeguiden.no/drommer/sommerfugl/#hva-påvirker-tolkningen,0,13,0,10.9
https://drommeguiden.no/sv/drommar/morker/,1,12,8.3,5.3
https://drommeguiden.no/sovn/sorg-sovn/,1,12,8.3,12.8
https://drommeguiden.no/drommer/buss/#de-vanligste-tolkningene,0,12,0,2.0
https://drommeguiden.no/drommer/buss/#hva-betyr-det-å-drømme-om-buss,0,12,0,2.0
https://drommeguiden.no/drommer/buss/#hva-påvirker-tolkningen,0,12,0,2.0
https://drommeguiden.no/drommer/bjorn/#kraft-dvale-og-beskyttende-instinkt,0,12,0,3.5
https://drommeguiden.no/personvern/,0,12,0,4.1
https://drommeguiden.no/drommer/hund/#de-vanligste-tolkningene,0,12,0,4.6
https://drommeguiden.no/drommer/hund/#hva-betyr-det-å-drømme-om-hund,0,12,0,4.6
https://drommeguiden.no/drommer/hund/#hva-påvirker-tolkningen,0,12,0,4.6
https://drommeguiden.no/drommer/bil/#hva-påvirker-tolkningen,0,12,0,4.8
https://drommeguiden.no/sv/drommar/brollop/#de-vanligaste-tolkningarna,0,12,0,5.7
https://drommeguiden.no/sv/drommar/brollop/#vad-påverkar-tolkningen,0,12,0,5.7
https://drommeguiden.no/drommer/edderkopp/#psykologiske-og-kulturelle-perspektiver,0,12,0,7.5
https://drommeguiden.no/sv/somn/vitt-brus-somn/,0,12,0,9.3
https://drommeguiden.no/sv/drommar/hast/#de-vanligaste-tolkningarna,0,12,0,10.3
https://drommeguiden.no/sv/drommar/hast/#vad-påverkar-tolkningen,0,12,0,10.3
https://drommeguiden.no/sv/drommar/vikingaskepp/,0,12,0,10.7
https://drommeguiden.no/drommer/hest/#kraft-frihet-og-det-å-holde-tøylene,0,11,0,2.1
https://drommeguiden.no/sv/drommar/sno/#tystnaden-och-det-blanka-arket,0,11,0,2.5
https://drommeguiden.no/drommer/bjorn/#angrep-dvale-eller-binna-med-unger,0,11,0,3.6
https://drommeguiden.no/en/dreams/happiness/,0,11,0,4.2
https://drommeguiden.no/cookies/,0,11,0,4.8
https://drommeguiden.no/drommer/krage/#fuglen-som-bærer-tanker,0,11,0,4.8
https://drommeguiden.no/en/about/,0,11,0,13.8
https://drommeguiden.no/sovn/leggetidsrutine/,0,11,0,37.5
https://drommeguiden.no/drommer/bryllup/#forening-forpliktelse-og-overgang,0,10,0,2.0
https://drommeguiden.no/sv/drommar/bjorn/#kraft-dvala-och-beskyddande-instinkt,0,10,0,2.5
https://drommeguiden.no/sv/drommar/sno/#om-snön-var-vacker-eller-kall,0,10,0,2.6
https://drommeguiden.no/drommer/kjole/#hva-betyr-det-å-drømme-om-kjole,0,10,0,3.2
https://drommeguiden.no/sv/drommar/brollop/#löftet-och-vändpunkten,0,10,0,3.7
https://drommeguiden.no/sv/drommar/brollop/#stämningen-i-ceremonin,0,10,0,3.7
https://drommeguiden.no/drommer/har/#å-klippe-er-noe-annet-enn-å-miste,0,10,0,3.8
https://drommeguiden.no/en/dreams/reindeer/,1,9,11.1,6.6
https://drommeguiden.no/en/contact/,1,5,20,23.4
https://drommeguiden.no/sovn/tenaring-sovn/,1,3,33.3,10.7
