Populære søk,Klikk,Visninger,Klikkfrekvens,Plassering
drømmesymboler,5,528,0.95%,6.66
drømmer at kjæresten er utro,3,35,8.57%,8.17
drømmer om bjørn,3,13,23.08%,5.38
drømme om brann,2,17,11.76%,5
drømme om tiger,2,15,13.33%,5.67
drømme symboler,2,14,14.29%,5.07
drömtydning bil,2,14,14.29%,10
drömma om guld,2,13,15.38%,6.08
drømmetydning tiger,2,7,28.57%,4.29
drömtydning djur,1,64,1.56%,7.95
drømmer om slanger,1,53,1.89%,9.08
drömtydning brand,1,43,2.33%,8.09
drömtydning häst,1,33,3.03%,9.36
drømme om slange,1,33,3.03%,9.7
drömtydning hår,1,31,3.23%,8.16
drömtydning hästar,1,27,3.7%,7.11
drömtydning varg,1,26,3.85%,10.62
drömma om brand,1,25,4%,4.96
hva betyr det når man drømmer om en person,1,25,4%,18.52
hva betyr det å drømme om noen som er død,1,24,4.17%,9.46
drömma om krig,1,21,4.76%,5.81
søvnapné behandling,1,21,4.76%,49.43
drömma om fåglar,1,20,5%,7.65
drömtydning klippa håret,1,19,5.26%,9.21
drömma om graviditet,1,17,5.88%,12
drömmar om krig,1,16,6.25%,6.5
drömma om ormar,1,16,6.25%,16.88
drømmetydning ulv,1,16,6.25%,20.44
drömtydning bli skjuten,1,13,7.69%,6.38
sex drömmar,1,12,8.33%,19.67
drömtydning hund,1,11,9.09%,7.91
gråta i sömnen drömtydning,1,10,10%,8.8
drömt om ormar,1,10,10%,9.7
dröm om hästar,1,9,11.11%,7.11
drømmetydning død mor,1,9,11.11%,17.44
drømmer om sex,1,8,12.5%,10
drömma om hundar,1,8,12.5%,10.12
drömtydning snö,1,8,12.5%,16
drømme om rotter betydning,1,7,14.29%,8.29
drømmer om krig,1,6,16.67%,6.67
drømmetydning sex,1,6,16.67%,8.17
drömtydning myror,1,6,16.67%,9.83
vad symboliserar en groda,1,5,20%,8
drömmar om hundar,1,5,20%,11.4
drømmer om ekskæreste,1,1,100%,9
hva er melatonin,0,425,0%,71.31
søvnbehov,0,277,0%,42.71
mareritt,0,193,0%,39.75
melatonin,0,190,0%,80.43
rem søvn,0,185,0%,47.21
dyp søvn,0,163,0%,57.63
søvnfaser,0,142,0%,19.27
søvn,0,138,0%,73.86
hvordan bli kvitt mareritt,0,133,0%,49.05
sovn,0,130,0%,68.29
mareritt hver natt,0,127,0%,30.37
søvnhygiene,0,105,0%,65.86
drömma om att vara gravid,0,97,0%,8.92
dröm om att bli skjuten och skjuta andra,0,95,0%,7.55
immunforsvaret søvn,0,79,0%,41.29
orgasm i sömnen,0,76,0%,21.78
når begynner barn å drømme,0,67,0%,11.69
dårlig søvn gravid,0,65,0%,70.66
vad betyder det om man drömmer att man är gravid,0,63,0%,9.9
hva betyr det å.drømme at man er utro,0,61,0%,9.13
hvor mye søvn trenger man,0,60,0%,46.5
vad betyder det att se en räv,0,59,0%,10.12
hva betyr det å drømme om slanger,0,54,0%,9.7
drömma om att tappa hår,0,51,0%,13.51
søvnparalyse,0,51,0%,38.25
drømmer katter,0,50,0%,8.34
søvnproblemer,0,50,0%,78.22
drömma om björnar,0,48,0%,12.69
vonde drømmer,0,48,0%,54.5
vad betyder det när man drömmer att man är gravid,0,46,0%,9.59
hva betyr sommerfugl,0,46,0%,11.33
drømmetydning symboler,0,45,0%,9.49
drømme om slanger,0,44,0%,12.98
drømmer om eksen,0,43,0%,8.65
dårlig søvn under graviditet,0,42,0%,71.33
bifasisk søvn,0,41,0%,9.9
drömma om otrohet,0,41,0%,12.95
dårlig søvn,0,40,0%,74.15
polyfasisk søvn,0,39,0%,5.97
drömmar gravid,0,37,0%,15.97
søvnapne,0,37,0%,60.78
kråke symbolikk,0,36,0%,9.44
overgangsalder søvn,0,36,0%,61.53
kråka symbolik,0,35,0%,7.89
sömnfaser,0,35,0%,27.37
drömma om hästar,0,34,0%,6.32
kråka betydelse,0,34,0%,8.03
drømmetydning brann,0,33,0%,5.36
drømmer om utroskap,0,33,0%,8
drømmetydning slanger,0,33,0%,9.12
orgasme i søvne,0,33,0%,25.64
regnbåge betydelse,0,32,0%,8.53
drömtolkning,0,32,0%,49.81
hva drømmer babyer om,0,31,0%,6.58
vad betyder regnbåge,0,31,0%,8.97
drømme om slanger betydning,0,31,0%,9.23
hva betyr bro,0,31,0%,11.68
drömma om sex,0,30,0%,8.47
vad betyder det att drömma om ormar,0,30,0%,10.63
vad betyder bro,0,30,0%,12.33
hva betyr utro,0,30,0%,13
kråka andlig betydelse,0,29,0%,8.55
drömma om vargar,0,29,0%,9.52
drömmar om vatten,0,28,0%,18.54
hva drømmer katter om,0,27,0%,7.15
räv betydelse,0,27,0%,10.11
drömma om myror,0,26,0%,5.85
drømmetydning bjørn,0,26,0%,7.31
drømme om rotter,0,26,0%,7.81
drömma om lejon,0,26,0%,11.65
hva er rem søvn,0,26,0%,37
melatonin norge,0,26,0%,83.35
dröm om brand,0,25,0%,5.6
hva betyr det når man drømmer at man faller,0,25,0%,6.56
drömmer om att vara gravid,0,25,0%,8.08
drømmer om at kjæresten er utro,0,25,0%,8.44
drömma om att drunkna,0,25,0%,8.52
kråke betydning,0,25,0%,10.04
drömma om ormar betydelse,0,25,0%,10.48
vad betyder fjord,0,25,0%,12.48
när börjar barn drömma,0,25,0%,12.8
hvor mye søvn trenger jeg test,0,25,0%,32.36
søvnapné symptomer,0,25,0%,34.56
dröm om att vara gravid,0,24,0%,7.96
drömma om råttor,0,24,0%,11.21
søvnparalyse behandling,0,24,0%,57.54
drömma om getingar,0,23,0%,7.04
drøm om slanger,0,23,0%,8.43
vad betyder ko,0,23,0%,13
gravid drömmar,0,23,0%,17.09
ptsd mareritt,0,23,0%,44.22
drømte at jeg var gravid,0,22,0%,10.86
vad betyder drömmar om ex,0,22,0%,11
vad betyder det att drömma att man är gravid,0,22,0%,11.91
sliter med søvn,0,22,0%,43.68
drømmer hunder,0,21,0%,9.95
drømmer at jeg er gravid,0,21,0%,11.95
fjord betyder,0,21,0%,12.1
drömma om krokodiler,0,20,0%,8.15
drømmer gravid,0,20,0%,10.65
night terrors norsk,0,20,0%,12
drömma att man är otrogen,0,20,0%,14.8
melatonin søvn,0,20,0%,73.65
drömma om spindel,0,19,0%,10.05
drömma att man dör,0,19,0%,11.21
drømmetydning utroskap,0,19,0%,11.47
drömmar om graviditet,0,19,0%,11.53
hva betyr drømmer om døden,0,19,0%,14.11
drømmetydning,0,19,0%,16.58
rem sömn,0,19,0%,79.84
drømmesymbol,0,18,0%,7.11
drömma om spindlar,0,18,0%,19.06
drömma om tänder,0,18,0%,23.78
hvor mye dyp søvn trenger man,0,18,0%,46.89
elefant symboliserer,0,17,0%,7.76
drömtydning tiger,0,17,0%,8.29
hva betyr elefant,0,17,0%,9.24
hva betyr det å drømme om edderkopper,0,17,0%,9.59
drömmer att man faller,0,17,0%,9.94
drömma om katter,0,17,0%,12.65
att se en räv betyder,0,16,0%,9.75
vad betyder sol,0,16,0%,12.69
att drömma om ormar,0,16,0%,15.69
hvor mye søvn trenger en,0,16,0%,33.06
søvnapne symptomer,0,16,0%,41.25
søvnapné,0,16,0%,60.69
insomni,0,16,0%,84.19
drömtydning gråta,0,15,0%,7.07
drømme om bjørn,0,15,0%,7.2
hva betyr det å drømme at man er gravid,0,15,0%,8.53
drøm om slanger betydning,0,15,0%,8.87
drømmer om edderkopper,0,15,0%,9.4
drømmetydning gravid,0,15,0%,9.4
drömmar om vargar betydelse,0,15,0%,11.67
drömmar om sex,0,15,0%,14.47
drömmar om ormar,0,15,0%,27.4
nattskräck,0,15,0%,69.53
drömtydning drunkna,0,14,0%,8
kråke symbol,0,14,0%,8.43
drømmetydning slange,0,14,0%,9.93
drömmer om jobbet,0,14,0%,11.64
när börjar barn drömma mardrömmar,0,14,0%,12.07
dröm om ormar,0,14,0%,33.5
mareritt ptsd,0,14,0%,35.36
hvorfor drømmer vi,0,14,0%,42.43
kosttilskudd søvn,0,14,0%,67
drømmer man i rem søvn,0,14,0%,91.21
drömmar om att vara gravid,0,13,0%,7.77
drömma om orm,0,13,0%,9.54
drømmetolkning,0,13,0%,10.62
kraftdyr elg,0,13,0%,10.69
vad symboliserar elefanten,0,13,0%,10.69
drømmer babyer,0,13,0%,10.85
drømmer at jeg er utro,0,13,0%,13.46
drömtydning älg,0,13,0%,14.92
dröm gravid,0,13,0%,17.38
spindel betydelse,0,13,0%,18.77
ring dröm,0,13,0%,20.85
tyda drömmar otrohet,0,13,0%,32.15
gråta i sömnen,0,13,0%,33.77
drøm om at venner forteller deg om at partner er uteo,0,12,0%,3.67
drömtydning vilse,0,12,0%,6.58
älg betydelse,0,12,0%,8.17
drøm om rotter,0,12,0%,8.58
kan hundar drömma,0,12,0%,9.83
drömma om bröllop,0,12,0%,9.92
kan katter drömma,0,12,0%,9.92
drömma om att falla,0,12,0%,10
drömtydning räv,0,12,0%,10.08
fågel betydelse,0,12,0%,10.25
regnbue betydning,0,12,0%,13.67
drömma om att vara otrogen,0,12,0%,15
drömma om eld,0,12,0%,17.5
meltonan,0,12,0%,19.67
vad är melatonin,0,12,0%,74.83
drömma om att bli skjuten,0,11,0%,6.27
drömma om björn,0,11,0%,6.64
drømmetydning hest,0,11,0%,6.82
dröm om björn,0,11,0%,7.27
drømmetydning fødsel,0,11,0%,9.18
drömtydning vinna pengar,0,11,0%,9.91
varför drömmer man att man faller,0,11,0%,12.09
kan katter drømme,0,11,0%,17.73
drömmar om otrohet,0,11,0%,23.18
angst og søvn,0,11,0%,29.45
alkohol och sömn,0,11,0%,33.73
hva er søvnapné,0,11,0%,43.73
hvor mange timer søvn trenger man,0,11,0%,52.82
søvnapne behandling,0,11,0%,54.82
dröm om att bli skjuten,0,10,0%,6.6
drømmetydning hus,0,10,0%,7
hva betyr det når man drømmer at man er gravid,0,10,0%,7.4
drømme om graviditet,0,10,0%,7.7
drømmetydning flystyrt,0,10,0%,8
drømmer om rotter,0,10,0%,8.5
rev symbolikk,0,10,0%,10.1
drömmer om ormar vad betyder det,0,10,0%,11.1
drømmer st mannen er utro,0,10,0%,11.1
vad betyder det om man drömmer om ormar,0,10,0%,11.3
gravid drømmer,0,10,0%,12.6
når begynner babyer å drømme,0,10,0%,12.8
vad betyder bi,0,10,0%,12.8
vad drömmer bebisar om,0,10,0%,12.8
drømmetydning hund,0,10,0%,13.3
vad betyder drömmar om ormar,0,10,0%,15.9
drömma om att föda barn,0,10,0%,21.5
drömma om vatten,0,10,0%,23.2
drömma om pengar,0,10,0%,24.7
drömtydning spindlar,0,10,0%,36.8
gravid søvnproblemer 1 trimester,0,10,0%,41.9
alkohol og søvn,0,10,0%,50.7
dröm om död,0,10,0%,50.8
mardrömmar,0,10,0%,60.3
melatonin bivirkninger,0,10,0%,78.1
søvnproblemer behandling,0,10,0%,82.7
søvnstadier,0,10,0%,96.6
slange drømmetydning,0,9,0%,9.11
dröm om katter,0,9,0%,9.44
drømmer om døde personer,0,9,0%,10.44
polyfasisk sömn,0,9,0%,10.44
kan man drömma att man dör,0,9,0%,10.89
kraftdjur häst,0,9,0%,11.67
drømmetydning bryllup,0,9,0%,12.78
hvorfor drømmer jeg at jeg er utro,0,9,0%,12.78
drömtydning sex,0,9,0%,13.22
dröm om orm,0,9,0%,14.67
drömmar om ormar betydelse,0,9,0%,15.67
angst ved innsovning,0,9,0%,22.89
hvor mye melatonin kan man ta,0,9,0%,31.89
angst søvn,0,9,0%,33.11
drömtydning orm,0,9,0%,37.22
søvnproblemer gravid,0,9,0%,39.11
hva er søvnapne,0,9,0%,44
"drömtolkning,",0,9,0%,46.56
melatonin dos,0,9,0%,60.11
vad är drömmar,0,9,0%,66.56
vågen om natten gravid,0,9,0%,77
drömma om tiger,0,8,0%,5
drømmetydning tog,0,8,0%,5.38
drømmetydning mus,0,8,0%,6.5
drømmesymboler fra a-å,0,8,0%,7.12
hvorfor drømmer man at man faller,0,8,0%,7.88
vad betyder fjäril,0,8,0%,7.88
drömmar om råttor,0,8,0%,8.62
hvorfor drømmer jeg at jeg er gravid,0,8,0%,9.25
drömma om en död person,0,8,0%,9.5
drømme om flystyrt,0,8,0%,9.62
dröm ring,0,8,0%,10.12
drømmetyding slanger,0,8,0%,10.12
vad betyder det om en fjäril landar på dig,0,8,0%,10.75
drømmer at noen dør,0,8,0%,11.25
elefant betydelse,0,8,0%,11.5
stressdrömmar,0,8,0%,12.38
drömmer om sex,0,8,0%,14.75
drømme om edderkopper,0,8,0%,15.88
drömma om sitt ex,0,8,0%,24.62
dröm otrohet,0,8,0%,34.62
drömtydning ormar,0,8,0%,39.62
tyda drömmar död,0,8,0%,40
dyp søvn hvor mye,0,8,0%,53.88
mardrömmar barn,0,8,0%,61
melatonin dosering,0,8,0%,69
svært ved at sove gravid,0,8,0%,89.25
drømmedyne,0,8,0%,95.38
drömmar om barn,0,7,0%,4.43
drømmetydning krig,0,7,0%,5.43
drømme om mus,0,7,0%,5.57
drömma om möss,0,7,0%,6
drömma om att flyga,0,7,0%,6.57
hva betyr edderkopp,0,7,0%,7
drømmetydning katt,0,7,0%,7.29
drømmer at man faller,0,7,0%,7.71
drömtydning elefant,0,7,0%,7.86
drømme at man faller,0,7,0%,7.86
drømmetydning rotter,0,7,0%,7.86
drömde att jag blev skjuten,0,7,0%,8.86
drömtydning råtta,0,7,0%,11.43
vad betyder björn,0,7,0%,11.71
dröm om ormar betydelse,0,7,0%,13
vad betyder främling,0,7,0%,13
fjäril andlig betydelse,0,7,0%,13.57
drömtydning råttor,0,7,0%,15.71
søvnangst,0,7,0%,18.71
dröm orm,0,7,0%,19.29
drömtydning lejon,0,7,0%,21.29
edderkopp drømmetydning,0,7,0%,24.43
drömtydning fågel,0,7,0%,26.29
drömmer om otrohet,0,7,0%,28.57
drömde om ormar,0,7,0%,28.86
drømmetydning baby,0,7,0%,29.43
orm drömtydning,0,7,0%,31.43
drömmer att jag är otrogen,0,7,0%,34
drömtydning vatten,0,7,0%,34.71
nattskräck vuxen,0,7,0%,35.43
drömmer om ormar,0,7,0%,38.57
hvor mye søvn trenger en voksen,0,7,0%,39
drömtydning ex,0,7,0%,39.86
depresjon søvn,0,7,0%,41.14
sover mye depresjon,0,7,0%,41.14
alkohol sömn,0,7,0%,42
symptomer søvnapne,0,7,0%,42.57
sliter med innsovning,0,7,0%,55.29
melatonin sovemedisin,0,7,0%,78
insomni behandling,0,7,0%,80.29
dårlig søvnkvalitet,0,7,0%,81.29
søvnløshed gravid,0,7,0%,85.14
drømmetydning blod,0,6,0%,6.83
drömtydning brun häst,0,6,0%,7.33
drømmetydning barn,0,6,0%,7.33
hva betyr det når man drømmer at noen dør,0,6,0%,7.67
hva betyr det når man drømmer at man flyr,0,6,0%,8
drømme om løver,0,6,0%,8.5
se en räv betydelse,0,6,0%,9
drømme om utroskab,0,6,0%,9.17
drömmar om tänder som lossnar,0,6,0%,9.67
vad betyder det när man drömmer att man faller,0,6,0%,9.83
regnbåge symbolik,0,6,0%,10.83
søvnspindler,0,6,0%,11.83
bro betyder,0,6,0%,12.5
drömmar om björnar,0,6,0%,12.83
dröm om björn betydelse,0,6,0%,13
drömtydning tappa hår,0,6,0%,13.5
drömtydning björn,0,6,0%,13.67
drömma att man är gravid,0,6,0%,16.17
andliga symboler betydelse,0,6,0%,18.17
drömmer om jobbet stress,0,6,0%,20.5
nattskrekk,0,6,0%,24
drömtydning pengar,0,6,0%,24.83
drømme om krig,0,6,0%,27.33
drömtydning tåg,0,6,0%,33.67
fåglar betydelse,0,6,0%,37.17
søvn depresjon,0,6,0%,38.5
hvor mye rem søvn trenger man,0,6,0%,43.83
hvor mye rem søvn er vanlig,0,6,0%,51
drömtydning tänder,0,6,0%,54.17
søvnsyklus,0,6,0%,59.5
søvn overgangsalder,0,6,0%,72.83
fakta om drömmar,0,6,0%,78.5
drömmar betydelse,0,6,0%,91
hur mycket rem sömn behöver man,0,6,0%,97.17
hva kan snø symbolisere,0,5,0%,4.2
regnbåge andlig betydelse,0,5,0%,6.4
drømmer at jeg faller,0,5,0%,7.4
återkommande drömmar,0,5,0%,7.4
drömmer om björnar,0,5,0%,8
drømme om en person,0,5,0%,8
imigt,0,5,0%,8.2
drömma att man faller,0,5,0%,8.4
drömtydning död anhörig,0,5,0%,9
drøm om edderkopper,0,5,0%,9
dröm om sex,0,5,0%,9.2
vad symboliserar räven,0,5,0%,9.6
dricker i en oas,0,5,0%,10.4
vad symboliserar en elefant,0,5,0%,10.4
drømme om døde personer,0,5,0%,10.6
drømme om å være gravid,0,5,0%,10.6
fjäril budskap,0,5,0%,10.6
vad betyder det om man ser en räv,0,5,0%,10.6
vektet teppe,0,5,0%,10.8
drömtydning köra bil,0,5,0%,12.4
drömma om spindlar betydelse,0,5,0%,12.8
drömma om döda människor,0,5,0%,15
drømmetydning tenner,0,5,0%,15.2
hva er en oase,0,5,0%,16.6
drömtydning slingrande orm,0,5,0%,17
hva symboliserer sommerfugl,0,5,0%,17.8
drömmer att min pojkvän är otrogen,0,5,0%,20.8
fjärilens betydelse,0,5,0%,21
hva betyr det å drømme at man mister tenner,0,5,0%,21
hva symvoliserer naturen,0,5,0%,21.2
drømme om å miste tenner,0,5,0%,22.6
drømme at man mister tenner,0,5,0%,24.8
drömtydning bröllop,0,5,0%,25.2
drømmetydning død person,0,5,0%,25.2
søvnbehov voksne,0,5,0%,25.6
drömtydning flyga,0,5,0%,28
sömnproblem alkohol,0,5,0%,28.8
dröms bil,0,5,0%,30.8
drömtydning blod,0,5,0%,32
drømmer om graviditet og fødsel,0,5,0%,32
regnbue symbolikk,0,5,0%,34.6
optimal søvn,0,5,0%,39.2
lett søvn,0,5,0%,43
overgangsalder dårlig søvn,0,5,0%,50.4
søvnproblemer i overgangsalderen,0,5,0%,60
vad är en dröm,0,5,0%,67
hva er søvn,0,5,0%,69.2
hur länge drömmer man,0,5,0%,71.2
sömnproblem klimakteriet,0,5,0%,71.6
søvn og graviditet,0,5,0%,75.4
vad är sömn,0,5,0%,80.8
dromen over dieren,0,5,0%,81.8
vad är rem sömn,0,5,0%,87.6
melatonin sömn,0,5,0%,95.4
drömtydning trappa,0,4,0%,5
bjørn symbolsk betydning,0,4,0%,6.25
vad betyder det att se en regnbåge,0,4,0%,6.5
delfin betydelse,0,4,0%,7.25
droemmetydning symboler,0,4,0%,7.25
vad betyder orm i drömmen,0,4,0%,7.25
drömtydning tappa naglar,0,4,0%,7.75
drømme at man er utro,0,4,0%,8
vad betyder en fjäril,0,4,0%,8
drömtydning örn,0,4,0%,8.25
vad betyder det att man drömmer om ormar,0,4,0%,8.25
dröm om översvämning,0,4,0%,8.5
drømme gravid,0,4,0%,8.5
drömtydning döda någon,0,4,0%,9.5
hva betyr det å se en rev,0,4,0%,9.5
drøm om graviditet,0,4,0%,10
drømmer at man er gravid,0,4,0%,10
drøm hus,0,4,0%,10.25
drømmer at tennene løsner,0,4,0%,10.25
dröm ormar betydelse,0,4,0%,10.5
dröm om varg,0,4,0%,10.75
drømme at man er gravid,0,4,0%,10.75
kan bebisar drömma mardrömmar,0,4,0%,10.75
drömtydning krig,0,4,0%,11.25
vad betyder elefant,0,4,0%,11.25
drømmer at man mister tenner,0,4,0%,11.75
drømmer at jeg dør,0,4,0%,12
vad betyder det när man ser en räv,0,4,0%,12
når begynner barn å få mareritt,0,4,0%,13
drömmer att jag faller,0,4,0%,13.5
kan man dö i en dröm,0,4,0%,13.5
drömma om att få barn,0,4,0%,14.5
drømme slanger,0,4,0%,16
hva er søvnparalyse,0,4,0%,16
drømmer om død,0,4,0%,19.75
drömmer om att vara otrogen,0,4,0%,21.5
dröm om otrohet,0,4,0%,24.75
rem søvn dyp søvn,0,4,0%,26.25
drömmer att jag dör,0,4,0%,26.75
drömde att jag var otrogen,0,4,0%,28
drömtydning krokodil,0,4,0%,28.25
alkohol søvn,0,4,0%,30
drömma om blod,0,4,0%,30
drömtydning bebis,0,4,0%,30.75
drømmetydning død,0,4,0%,31
hva er drømmer,0,4,0%,31.25
vad betyder det när man drömmer att någon dör,0,4,0%,31.5
drömma att någon dör,0,4,0%,31.75
dröm om spindlar,0,4,0%,33
når drømmer man,0,4,0%,33
koffein søvn,0,4,0%,33.5
økt søvnbehov,0,4,0%,33.75
gravid sover dårlig,0,4,0%,36
hvor mye søvn trenger voksne,0,4,0%,36.5
anbefalt søvn voksne,0,4,0%,37
drömtydning död,0,4,0%,41.25
lite dyp søvn,0,4,0%,41.75
kaffe og søvn,0,4,0%,43.5
5 tiltak for god søvnhygiene,0,4,0%,47
gravid søvnproblemer,0,4,0%,48.25
stort søvnbehov,0,4,0%,48.75
hvorfor drømmer man,0,4,0%,49
hvor mange timer søvn,0,4,0%,49.5
overgangsalder søvnløshet,0,4,0%,51.25
kosttilskudd for søvn,0,4,0%,52.5
anbefalt søvn,0,4,0%,53.5
biologisk klocka,0,4,0%,55.75
søvnvansker overgangsalder,0,4,0%,57.25
er melatonin vanedannende,0,4,0%,57.5
hvor mye rem søvn,0,4,0%,58.25
drömmer mardrömmar,0,4,0%,60
vikingskip,0,4,0%,65.75
kosttilskudd for bedre søvn,0,4,0%,66.5
melatonin halveringstid,0,4,0%,68
pustestopp i søvne,0,4,0%,68.5
lätt sömn,0,4,0%,69
søvnproblemer overgangsalder,0,4,0%,70.5
søvnproblem,0,4,0%,76
melatonin virkning,0,4,0%,77.5
søvn immunforsvar,0,4,0%,79
drömmars betydelse,0,4,0%,83.75
søvn graviditet,0,4,0%,84.75
rem-sömn,0,4,0%,86.25
drömmarnas betydelse,0,4,0%,88.25
sömn,0,4,0%,90.5
naken i bunad,0,3,0%,4
drømmetydning komme for sent,0,3,0%,5.67
död kråka betydelse,0,3,0%,6.67
drömmer om råttor,0,3,0%,7.33
drömmar om inbrott,0,3,0%,8.33
drømmetydning naken,0,3,0%,8.33
geting betydelse,0,3,0%,8.67
kraftdyr katt,0,3,0%,8.67
drömtydning död partner,0,3,0%,9
drömtydning prata med en avliden,0,3,0%,9
hvorfor drømmer man om utroskab,0,3,0%,9
fjäril betyder,0,3,0%,9.33
drömtydning katter,0,3,0%,9.67
hva betyr drømmer,0,3,0%,9.67
drømme om å falle,0,3,0%,10
hva betyr avdød,0,3,0%,10
dröm att vara gravid,0,3,0%,10.33
drøm om slange,0,3,0%,10.33
drömmer att man är gravid,0,3,0%,11
hva betyr obe,0,3,0%,11.33
løve betydning,0,3,0%,11.33
rev betydning,0,3,0%,12
rituelt rom i kirken,0,3,0%,12
kan nyfödda drömma,0,3,0%,13
drömtydning kyss,0,3,0%,13.33
storm norrøn mytologi,0,3,0%,14
tyda drömmar gravid,0,3,0%,14.33
drömtydning vargar,0,3,0%,14.67
spindel andlig betydelse,0,3,0%,14.67
kråka spirituell betydelse,0,3,0%,15
varför drömmer jag att min partner är otrogen,0,3,0%,16.33
drömmer att min partner är otrogen,0,3,0%,17
drømmetydning kattunger,0,3,0%,17.33
drömmar om vargar,0,3,0%,17.67
vad drömmer hundar om,0,3,0%,17.67
drømme at kjæresten er utro,0,3,0%,18
drömsymboler,0,3,0%,21
drømmetydning død far,0,3,0%,21
fornnordisk dikt,0,3,0%,21.67
søvnhormon melatonin,0,3,0%,22
drøm miste tenner,0,3,0%,23.33
oase i ørkenen,0,3,0%,23.67
dröm ring guld,0,3,0%,24.33
drømmer at jeg mister tenner,0,3,0%,25.33
drömtydning gravid,0,3,0%,26
utroskap definisjon,0,3,0%,27.67
nattskräck hos vuxna,0,3,0%,29.67
samme mareritt flere ganger,0,3,0%,29.67
dromme huset,0,3,0%,31.33
lucid dreaming norsk,0,3,0%,32
arr betyder,0,3,0%,32.67
mareritt betydning,0,3,0%,33
mareritt voksen,0,3,0%,33
søvnapne årsak,0,3,0%,33
hhva er insomnina,0,3,0%,37.33
sömnförlamning,0,3,0%,37.33
hvor mye lett søvn trenger man,0,3,0%,42
natteskrekk barn,0,3,0%,42.67
fjäril betydelse,0,3,0%,43
angst for å sove,0,3,0%,44
melatonin hur långt innan läggdags,0,3,0%,47
dårlig søvn overgangsalder,0,3,0%,47.67
symptomer på søvnapne,0,3,0%,48.33
melatonin dosering voksne,0,3,0%,51
hvor mye dyp søvn bør man ha,0,3,0%,51.33
søvn gravid,0,3,0%,51.67
tolke drømmer,0,3,0%,54.33
angst om natten,0,3,0%,55
sover man godt når man drømmer,0,3,0%,55
søvnapné årsaker,0,3,0%,55.33
drömmer om döden,0,3,0%,57.67
anbefalt søvn voksen,0,3,0%,58
hvor mye rem søvn bør man ha,0,3,0%,58.67
biologiska klockan,0,3,0%,59
søvn angst,0,3,0%,60
drømmesøvn,0,3,0%,61.67
depresjon og søvn,0,3,0%,63.33
hvor mye dyp søvn er vanlig,0,3,0%,63.33
søvn voksne,0,3,0%,63.33
hvor mye dyp søvn er normalt,0,3,0%,63.67
hvor mye søvn trenger en 20 åring,0,3,0%,64.33
hvor mange timer dyp søvn bør man ha,0,3,0%,66.33
nattskräck behandling,0,3,0%,68.33
djur betydelse,0,3,0%,69
melatonin dosering vuxen,0,3,0%,70.33
alvorlig søvnapne,0,3,0%,72
melatonin virketid,0,3,0%,73
søvnbehov alder,0,3,0%,73
melatonin sovetabletter,0,3,0%,74.33
søvn apne,0,3,0%,74.33
melatonin angst,0,3,0%,74.67
pustestopp søvn,0,3,0%,75.33
varför drömmer vi,0,3,0%,76
overgangsalder søvnproblemer,0,3,0%,78
gravid søvnløshed,0,3,0%,79
søvn stadier,0,3,0%,81
melatonin tilskudd,0,3,0%,82
sovemedisin melatonin,0,3,0%,83
melatonin bivirkning,0,3,0%,83.33
drömmer,0,3,0%,84
varför drömmer man,0,3,0%,87
hur mycket djupsömn,0,3,0%,89
dröm betydelse,0,3,0%,91.67
rem sömn tid,0,3,0%,95.67
søvnmønster,0,3,0%,96
melatonin effekt,0,3,0%,98
drömmar om brand,0,2,0%,3
drömtydning gå vilse,0,2,0%,4
drømmer betydning,0,2,0%,4
dröm om graviditet,0,2,0%,6
drömma om en mus som följer efter mig,0,2,0%,7
drömmar om vatten betydelse,0,2,0%,7
søvnens faser,0,2,0%,7
vad betyder att drömma om ormar,0,2,0%,7
dröm om hund,0,2,0%,7.5
drommetydning,0,2,0%,8
vad betyder det när man drömmer att man tappar håret,0,2,0%,8
drømme tegn,0,2,0%,8.5
råtta symbolik,0,2,0%,8.5
vad betyder det att drömma om råttor,0,2,0%,8.5
vad betyder dröm om ormar,0,2,0%,8.5
drömma om ormar betyder,0,2,0%,9
drömmar om döden,0,2,0%,9
drømmetydning flyve,0,2,0%,9
hjort betydelse,0,2,0%,9
sommerfugl tegn,0,2,0%,9
vad betyder det om man drömmer att någon dör,0,2,0%,9
drömtydning djur orm,0,2,0%,9.5
kan nyfødte drømme,0,2,0%,9.5
bli erkänd med vinna,0,2,0%,10
drömtydning djur katt,0,2,0%,10
drömtydning toalett,0,2,0%,10
drømmer spedbarn,0,2,0%,10
hva betyr det hvis man drømmer at man mister tenner,0,2,0%,10
vad betyder stjärna,0,2,0%,10
drömma om någon som är död,0,2,0%,10.5
drømme om død person,0,2,0%,10.5
hva betyr det når du drømmer at du mister tenner,0,2,0%,11
orm andlig betydelse,0,2,0%,11
togdrømmen,0,2,0%,11
vad betyder fjärilar i andevärlden,0,2,0%,11
dröm om vargar,0,2,0%,11.5
drömma om koala,0,2,0%,11.5
drömmar om att flyga,0,2,0%,11.5
drømme om sex,0,2,0%,11.5
varg symbolik,0,2,0%,11.5
när börjar bebisar drömma mardrömmar,0,2,0%,12
oase definisjon,0,2,0%,12
vad betyder sten,0,2,0%,12
vad symboliserar fjäril,0,2,0%,12
hva betyr bjørn,0,2,0%,12.5
bi betyder,0,2,0%,13
elefant betydning,0,2,0%,13
tog drømmer,0,2,0%,13
vad betyder det när en fjäril sätter sig på dig,0,2,0%,13
drömde att jag var gravid,0,2,0%,14
drømmetydning død slektning,0,2,0%,15
drømmetydning edderkopp,0,2,0%,15
drömma i färg,0,2,0%,15.5
vad betyder drömmar om otrohet,0,2,0%,15.5
drömtydning cykla,0,2,0%,16
drømme at noen dør,0,2,0%,16
naturfenomener,0,2,0%,16.5
drömtydning spindel,0,2,0%,17
drømmen om barn,0,2,0%,17
søvn paralyse,0,2,0%,17
hva er nattskrekk,0,2,0%,17.5
drömmer om att min partner är otrogen,0,2,0%,18
dröm om många ormar,0,2,0%,19
hvor lang tid tar det å venne kroppen til ny dognrytme,0,2,0%,19
drömtydning hus,0,2,0%,20
nattskrekk voksne,0,2,0%,20
drømmer om å miste tenner,0,2,0%,21
drömtydning flygplan kraschar,0,2,0%,21.5
søvnparalyse demon,0,2,0%,22
vad betyder det när man drömmer om ormar,0,2,0%,23.5
drømmetydning miste tenner,0,2,0%,25
varför drömmer man om otrohet,0,2,0%,27
drömma att man flyger,0,2,0%,27.5
drömtydning barn,0,2,0%,27.5
drömtydning otrohet,0,2,0%,27.5
drømming,0,2,0%,27.5
hva drømmer hunder om,0,2,0%,27.5
koffein og søvn,0,2,0%,28.5
hva betyr rem søvn,0,2,0%,29.5
mardrömmar behandling,0,2,0%,29.5
dröm om att vara otrogen,0,2,0%,30
drömmar om tänder som går sönder,0,2,0%,30
drömtydning otrogen partner,0,2,0%,30
kronisk insomni,0,2,0%,30.5
stavkirken,0,2,0%,30.5
drömmar om tänder,0,2,0%,31
drömmer att någon dör,0,2,0%,31
hvor mye søvn trenger en 18 åring,0,2,0%,31
vad betyder samlag,0,2,0%,32.5
drömmer mycket stress,0,2,0%,33
kan inte sova alkohol,0,2,0%,34.5
5. hvor mye er det normalt for et voksent menneske å sove?,0,2,0%,35
nattskräck engelska,0,2,0%,35
nymåne søvn,0,2,0%,35
drømmetyder,0,2,0%,36
lucid dreams norsk,0,2,0%,36
når drømmer man mest,0,2,0%,37.5
erotiske drømmer,0,2,0%,38
orm betydelse,0,2,0%,38.5
temperatur på soverommet,0,2,0%,39
mye rem søvn,0,2,0%,39.5
kan inte sova när jag druckit alkohol,0,2,0%,40.5
fågel symbolik,0,2,0%,41
hvorfor sover jeg dårlig overgangsalder,0,2,0%,41
drömmar om ormar som biter,0,2,0%,42.5
drömtydning bli lämnad,0,2,0%,42.5
träning och sömn,0,2,0%,42.5
melatonin og alkohol,0,2,0%,44
hvordan unngå mareritt,0,2,0%,45
drömmer bebisar,0,2,0%,45.5
hva betyr rem,0,2,0%,45.5
hvor mange timer søvn trenger kvinner,0,2,0%,45.5
sover dårlig gravid,0,2,0%,45.5
hva er alvorlig søvnapne,0,2,0%,46
kraftdyr ulv,0,2,0%,46
drömtydning nycklar,0,2,0%,48
6 timer søvn,0,2,0%,49
betydelse fjäril,0,2,0%,49.5
gul fjäril betydelse,0,2,0%,50
drömtydning tänder går sönder,0,2,0%,50.5
gravid søvnløs,0,2,0%,50.5
timer søvn,0,2,0%,50.5
drömtydning katt,0,2,0%,52
melatonin aldersgrense,0,2,0%,52
drømmer som gjentar seg,0,2,0%,52.5
hvor mange timer bør man sove,0,2,0%,54
søvnparalyse ptsd,0,2,0%,54
biologisk klokke,0,2,0%,55
hvor mye rem-søvn trenger man,0,2,0%,55
sover dårligt gravid,0,2,0%,55.5
søvnbehov 12 år,0,2,0%,56.5
er 6 timer søvn nok,0,2,0%,57
pustestopp under søvn,0,2,0%,57
kontrollera drömmar,0,2,0%,57.5
mardrömmar vuxen,0,2,0%,58
lucide drømme,0,2,0%,58.5
hvor mye bør man sove,0,2,0%,59
hvor mye dyp søvn trenger en voksen,0,2,0%,59.5
rem sömn vs djupsömn,0,2,0%,59.5
søvn voksen,0,2,0%,59.5
søvnapne uten snorking,0,2,0%,59.5
gravid søvn,0,2,0%,60
när kickar koffein in,0,2,0%,61
hvor mye søvn trenger en 13 åring,0,2,0%,62
melatonin ungdom,0,2,0%,62.5
behandling av søvnapne,0,2,0%,63
hvor lenge varer melatonin,0,2,0%,63.5
sök drömtydning,0,2,0%,63.5
varg betydelse,0,2,0%,63.5
depression sova mycket,0,2,0%,64.5
problemer med søvn,0,2,0%,64.5
søvnapne arvelig,0,2,0%,65
dosering melatonin,0,2,0%,67.5
ångest vid insomning,0,2,0%,67.5
når skal man ta melatonin,0,2,0%,68
vad är sömnhygien,0,2,0%,68.5
drömma om döden,0,2,0%,69
hva betyr mareritt,0,2,0%,69
hva er døgnrytme,0,2,0%,69.5
hvor mye dyp søvn,0,2,0%,70
sömn träning,0,2,0%,70
träna på natten,0,2,0%,70
dårlig søvn i overgangsalderen,0,2,0%,71
drømmebad,0,2,0%,72
dygnsrytm,0,2,0%,72.5
hvor mye søvn trenger en 10 åring,0,2,0%,73
behandling søvnapne,0,2,0%,73.5
ångest i sömnen,0,2,0%,74
søvnapne utredning,0,2,0%,74.5
sömn klimakteriet,0,2,0%,75
dromen over werk,0,2,0%,76
er søvnapne farlig,0,2,0%,76.5
naturfenomen,0,2,0%,76.5
melatonin virkningstid,0,2,0%,77.5
døgnrytmen,0,2,0%,79
melatonin natt bivirkninger,0,2,0%,80
bivirkninger av melatonin,0,2,0%,80.5
varför har man mardrömmar,0,2,0%,80.5
hur hög dos melatonin kan man ta,0,2,0%,81.5
sömnstadier,0,2,0%,82
hur lång tid tar det för melatonin att verka,0,2,0%,83.5
när ska man ta melatonin innan läggdags,0,2,0%,83.5
melatonin søvnproblemer,0,2,0%,86
ångestattack i sömnen,0,2,0%,86
depression sömn,0,2,0%,87
klimakteriet sömn,0,2,0%,87
brist på melatonin,0,2,0%,88
rem sömn per natt,0,2,0%,88
hvor lang tid tar det før melatonin virker,0,2,0%,90
angstsirkelen,0,2,0%,91
hur mycket rem sömn ska man ha,0,2,0%,95
hugin och munin betydelse,0,2,0%,95.5
hur mycket rem sömn per natt,0,2,0%,98
mardröm,0,2,0%,98.5
bivirkninger melatonin,0,2,0%,99
hjortar,0,1,0%,3
hva betyr det når man drømmer om en person flere ganger,0,1,0%,3
sommerfugl forvandling,0,1,0%,4
drömtydning hundar,0,1,0%,5
falsk oppvåkning,0,1,0%,5
hund symbolsk betydning,0,1,0%,6
drømmetydning krokodille,0,1,0%,7
norrsken spirituell betydelse,0,1,0%,7
stjärna,0,1,0%,7
älg budskap,0,1,0%,7
drömmer om döda personer,0,1,0%,8
drömtydning död förälder,0,1,0%,8
drøm om utroskab,0,1,0%,8
drømme betydning,0,1,0%,8
drømmetydning død venn,0,1,0%,8
sex med fremmede,0,1,0%,8
vad betyder räv,0,1,0%,8
drömmer hundar,0,1,0%,9
drömtydning cykel,0,1,0%,9
drømmer om at elske,0,1,0%,9
"om du drömmer att din mamma virrar runt och är konstig samt i slutet 
försöker strypa dig vad betyder det?",0,1,0%,9
tegn på at eksen savner deg,0,1,0%,9
ulv symbol,0,1,0%,9
älg symbolisk betydelse,0,1,0%,9
drømme hus,0,1,0%,10
drømmetydning utroskab,0,1,0%,10
groda betydelse,0,1,0%,10
hva betyr drømmen min,0,1,0%,10
hva betyr regnbuen,0,1,0%,10
räv andlig betydelse,0,1,0%,10
symbol sommerfugl,0,1,0%,10
ulike søvnfaser,0,1,0%,10
vad betyder spindel,0,1,0%,10
droemmetydning,0,1,0%,11
dröm om häst,0,1,0%,11
dröm om råttor,0,1,0%,11
dröm ormar,0,1,0%,11
drömmer om graviditet,0,1,0%,11
drömtydning död vän,0,1,0%,11
drömtydning åka buss,0,1,0%,11
drømmen din,0,1,0%,11
hvorfor drømmer man at man er gravid,0,1,0%,11
tlf betyder,0,1,0%,11
vad betyder operation,0,1,0%,11
vagusnerven bok,0,1,0%,11
bad betyder,0,1,0%,12
betydning sommerfugl,0,1,0%,12
dromming,0,1,0%,12
drömmer att jag är gravid,0,1,0%,12
fjärilar budskap,0,1,0%,12
fåglars betydelse i andevärlden,0,1,0%,12
hund drømmer,0,1,0%,12
hva betyr drømmer om å miste tenner,0,1,0%,12
hva betyr sol,0,1,0%,12
miste tenner drøm,0,1,0%,12
oase betydning,0,1,0%,12
spindel symbolik,0,1,0%,12
vad betyder katt,0,1,0%,12
varför drömmer man att man är gravid,0,1,0%,12
älg andlig betydelse,0,1,0%,12
bi betydelse,0,1,0%,13
drömma om björn betydelse,0,1,0%,13
drømmetydning edderkopper,0,1,0%,13
fjäril landar på mig betyder,0,1,0%,13
hva betyr bad,0,1,0%,13
hva betyr forfulgt,0,1,0%,13
hva symboliserer en sommerfugl,0,1,0%,13
kooperation,0,1,0%,13
kraftdjur katt,0,1,0%,13
operation betyder,0,1,0%,13
søvnmåling,0,1,0%,13
vad betyder bad,0,1,0%,13
vad betyder det att drömma om spindlar,0,1,0%,13
vad betyder skepp,0,1,0%,13
vad betyder öken,0,1,0%,13
älv betyder,0,1,0%,13
drömmar om katter,0,1,0%,15
elefant symboliserar,0,1,0%,15
drømmer om døde familiemedlemmer,0,1,0%,16
hvad betyder det når man drømmer om en person,0,1,0%,16
vad betyder det när man ser en fjäril,0,1,0%,16
drömmar om ormar överallt,0,1,0%,17
drömtydning inbrott,0,1,0%,17
hva betyr det når man drømmer at man mister tenner,0,1,0%,17
stavkyrka,0,1,0%,17
drömmer mycket gravid,0,1,0%,18
natteskrekk voksen,0,1,0%,18
søvn rem,0,1,0%,18
varför drömmer man om ormar,0,1,0%,19
örn symbolik,0,1,0%,19
dröm om att föda barn,0,1,0%,20
sömnångest,0,1,0%,20
tungt teppe,0,1,0%,20
vekt teppe,0,1,0%,20
drömtydning hus med många rum,0,1,0%,21
hvorfor drømmer jeg at min kæreste er mig utro,0,1,0%,21
mardrömmar barn 2 är,0,1,0%,21
drömmar om guld,0,1,0%,22
drømmetydning drap,0,1,0%,23
dröm om vatten,0,1,0%,25
drömmar betydelse otrohet,0,1,0%,25
hvorfor får man mareritt,0,1,0%,25
katt drömmer,0,1,0%,26
søvnens betydning,0,1,0%,26
drömtydning kanin,0,1,0%,27
drömtydning naken,0,1,0%,27
hvor mye søvn trenger en ungdom,0,1,0%,27
nattskräck vuxna,0,1,0%,27
plutselig mye mareritt,0,1,0%,27
sova räv betyder,0,1,0%,27
dårlig søvn gravid 2 trimester,0,1,0%,28
sexvad,0,1,0%,28
varg betydelse solöga,0,1,0%,28
horoskop drømmetydning,0,1,0%,29
hämningslöshet betyder,0,1,0%,29
når tar man melatonin,0,1,0%,29
sove temperatur,0,1,0%,29
vekt teppe til å sove,0,1,0%,29
drömtydning hus som rasar,0,1,0%,30
søvnbehov 10 år,0,1,0%,30
livetwobro,0,1,0%,31
rem søvn hva er det,0,1,0%,31
att drömma om sitt ex,0,1,0%,32
hvor mange minutter dyp søvn trenger man,0,1,0%,32
oas betyder,0,1,0%,32
återkommande mardrömmar,0,1,0%,33
drömtydning översvämning,0,1,0%,34
drømmetydning mareritt,0,1,0%,34
hva er en stavkirke,0,1,0%,34
hva er rem-søvn,0,1,0%,34
moderat søvnapne,0,1,0%,34
varför vaknar man tidigt när man druckit alkohol,0,1,0%,34
angst på natta,0,1,0%,35
moster betyder,0,1,0%,35
drömtydning jagad av björn,0,1,0%,36
lättsömn,0,1,0%,36
søvnbehov voksen,0,1,0%,36
mild søvnapne,0,1,0%,37
ormar i drömmar,0,1,0%,37
rem søvn vs dyp søvn,0,1,0%,37
maxdos melatonin,0,1,0%,38
vad betyder skam,0,1,0%,38
drömmar om spindlar,0,1,0%,39
drömmer om tänder,0,1,0%,39
temperatur sovrum,0,1,0%,39
angst når jeg skal sove,0,1,0%,40
freud drömmar,0,1,0%,40
angst og søvnproblemer,0,1,0%,41
drömmer nyfödda,0,1,0%,41
drøm om å miste tenner,0,1,0%,41
søvn problemer,0,1,0%,41
søvnfaser voksen,0,1,0%,41
vektteppe barn,0,1,0%,41
østrogen søvn,0,1,0%,41
gå i sömnen alkohol,0,1,0%,42
angst om kvelden,0,1,0%,43
drømme om vand,0,1,0%,43
hvor mye søvn,0,1,0%,43
søvnløs gravid 2 trimester,0,1,0%,43
søvnparalyse årsak,0,1,0%,43
drömtydning eld,0,1,0%,44
er rem-søvn bra,0,1,0%,44
alkohol sömnproblem,0,1,0%,45
den djupa sömnen,0,1,0%,45
hvor lenge bør man sove,0,1,0%,45
insomnia gravid,0,1,0%,45
bebis drömmer,0,1,0%,46
drolliger luftsprung kreuzworträtsel,0,1,0%,46
fjäril betydelse andligt,0,1,0%,46
hva er en drøm,0,1,0%,46
hva er en elv,0,1,0%,47
klardröm,0,1,0%,47
drømmer mye,0,1,0%,48
angst på kvelden,0,1,0%,49
träna sent på kvällen,0,1,0%,49