Mest populære sider,Klikk,Visninger,Klikkfrekvens,Plassering
https://drommeguiden.no/sv/drommar/hund/,46,800,5.75%,5.58
https://drommeguiden.no/drommer/,35,2222,1.58%,7.57
https://drommeguiden.no/sv/drommar/brand/,31,809,3.83%,5.16
https://drommeguiden.no/sv/drommar/orm/,25,928,2.69%,11.79
https://drommeguiden.no/drommer/slange/,23,1252,1.84%,8.45
https://drommeguiden.no/sv/drommar/fagel/,23,728,3.16%,7.19
https://drommeguiden.no/sv/drommar/hast/,23,687,3.35%,6.09
https://drommeguiden.no/drommer/barn/,21,444,4.73%,6.73
https://drommeguiden.no/drommer/brann/,20,676,2.96%,5.17
https://drommeguiden.no/sv/drommar/alg/,19,458,4.15%,5.94
https://drommeguiden.no/drommer/utroskap-partner/,18,1161,1.55%,9.47
https://drommeguiden.no/sv/drommar/sno/,18,281,6.41%,5.02
https://drommeguiden.no/sv/drommar/guld/,18,256,7.03%,4.77
https://drommeguiden.no/drommer/avdod-person/,17,816,2.08%,8.02
https://drommeguiden.no/sv/drommar/avliden-person/,17,711,2.39%,7.35
https://drommeguiden.no/drommer/bjorn/,17,434,3.92%,6.37
https://drommeguiden.no/drommer/rev/,16,508,3.15%,6.95
https://drommeguiden.no/drommer/love/,16,187,8.56%,6.2
https://drommeguiden.no/drommer/katt/,15,749,2%,7.63
https://drommeguiden.no/drommer/toalett/,15,209,7.18%,5.53
https://drommeguiden.no/drommer/drukne-barn/,14,150,9.33%,8.76
https://drommeguiden.no/drommer/fugl/,12,417,2.88%,6.26
https://drommeguiden.no/guider/farger-i-drommer/,12,336,3.57%,6.64
https://drommeguiden.no/drommer/blod/,12,224,5.36%,5.08
https://drommeguiden.no/sv/drommar/trad/,12,182,6.59%,5.39
https://drommeguiden.no/sv/drommar/ko/,12,176,6.82%,7.15
https://drommeguiden.no/sv/drommar/kraka/,11,622,1.77%,7.64
https://drommeguiden.no/drommer/hund/,11,560,1.96%,6.66
https://drommeguiden.no/kategori/dyr/,11,435,2.53%,8.54
https://drommeguiden.no/drommer/krage/,11,431,2.55%,7.92
https://drommeguiden.no/drommer/rotte/,11,407,2.7%,6.19
https://drommeguiden.no/sv/drommar/naglar/,11,276,3.99%,5.78
https://drommeguiden.no/drommer/krig/,11,258,4.26%,5.41
https://drommeguiden.no/sv/drommar/trappa/,11,250,4.4%,5.56
https://drommeguiden.no/drommer/bli-skutt/,11,191,5.76%,5.12
https://drommeguiden.no/sv/drommar/nycklar/,11,169,6.51%,6.44
https://drommeguiden.no/sv/drommar/vilse/,11,155,7.1%,5.04
https://drommeguiden.no/drommer/grate/,11,131,8.4%,3.98
https://drommeguiden.no/sv/drommar/amma/,11,126,8.73%,5.11
https://drommeguiden.no/sv/drommar/gris/,11,111,9.91%,4.23
https://drommeguiden.no/drommer/utroskap/,10,457,2.19%,9.2
https://drommeguiden.no/sv/drommar/ratta/,10,434,2.3%,8.3
https://drommeguiden.no/drommer/hus/,10,364,2.75%,7.26
https://drommeguiden.no/sv/drommar/grata/,10,308,3.25%,6.54
https://drommeguiden.no/drommer/tiger/,10,180,5.56%,5.23
https://drommeguiden.no/drommer/buss/,10,175,5.71%,5.35
https://drommeguiden.no/drommer/hai/,10,107,9.35%,4.19
https://drommeguiden.no/sv/drommar/bli-skjuten/,9,867,1.04%,6.57
https://drommeguiden.no/drommer/gravid/,9,709,1.27%,8.93
https://drommeguiden.no/sv/guider/farger-i-drommar/,9,296,3.04%,7.72
https://drommeguiden.no/sv/drommar/tiger/,9,246,3.66%,6.16
https://drommeguiden.no/drommer/elg/,9,224,4.02%,6.67
https://drommeguiden.no/drommer/kyss/,9,170,5.29%,4.89
https://drommeguiden.no/drommer/miste-baby/,9,126,7.14%,6.45
https://drommeguiden.no/sv/drommar/val/,9,108,8.33%,5.29
https://drommeguiden.no/sv/drommar/har/,8,764,1.05%,8.29
https://drommeguiden.no/sv/drommar/varg/,8,624,1.28%,8.26
https://drommeguiden.no/drommer/bil/,8,535,1.5%,7.17
https://drommeguiden.no/drommer/falle/,8,528,1.52%,6.95
https://drommeguiden.no/drommer/ulv/,8,269,2.97%,6.76
https://drommeguiden.no/drommer/sno/,8,230,3.48%,5.47
https://drommeguiden.no/sv/drommar/krig/,8,227,3.52%,6.54
https://drommeguiden.no/drommer/hest/,8,224,3.57%,5.78
https://drommeguiden.no/drommer/miste-noe/,8,197,4.06%,6.08
https://drommeguiden.no/drommer/blomst/,8,159,5.03%,4.53
https://drommeguiden.no/sv/drommar/ogon/,8,152,5.26%,4.8
https://drommeguiden.no/drommer/trapp/,8,152,5.26%,5.07
https://drommeguiden.no/drommer/veps/,8,146,5.48%,5.02
https://drommeguiden.no/sv/drommar/fot/,8,108,7.41%,5.2
https://drommeguiden.no/sv/drommar/sar/,8,84,9.52%,3.82
https://drommeguiden.no/drommer/gris/,8,80,10%,4.3
https://drommeguiden.no/drommer/edderkopp/,7,597,1.17%,7.85
https://drommeguiden.no/drommer/drepe/,7,443,1.58%,6.14
https://drommeguiden.no/sv/drommar/drunkna/,7,425,1.65%,7.21
https://drommeguiden.no/drommer/har/,7,378,1.85%,6.98
https://drommeguiden.no/sv/drommar/bil/,7,337,2.08%,7.47
https://drommeguiden.no/drommer/foede/,7,261,2.68%,6.72
https://drommeguiden.no/sv/drommar/mus/,7,251,2.79%,5.52
https://drommeguiden.no/sv/drommar/geting/,7,245,2.86%,6.02
https://drommeguiden.no/drommer/baby/,7,236,2.97%,6.2
https://drommeguiden.no/sv/drommar/groda/,7,217,3.23%,6.22
https://drommeguiden.no/sv/drommar/elefant/,7,195,3.59%,6.74
https://drommeguiden.no/sv/drommar/orn/,7,186,3.76%,6.2
https://drommeguiden.no/sv/drommar/blomma/,7,175,4%,5.73
https://drommeguiden.no/drommer/telefon/,7,152,4.61%,4.8
https://drommeguiden.no/sv/drommar/slass/,7,151,4.64%,4.66
https://drommeguiden.no/sv/drommar/fangelse/,7,150,4.67%,6.53
https://drommeguiden.no/drommer/oyne/,7,139,5.04%,6.81
https://drommeguiden.no/drommer/innbruddstyv/,7,121,5.79%,3.9
https://drommeguiden.no/sv/drommar/kollega-sex/,7,107,6.54%,6.43
https://drommeguiden.no/sv/drommar/fonster/,7,102,6.86%,4.45
https://drommeguiden.no/drommer/krangel/,7,100,7%,5.28
https://drommeguiden.no/drommer/ring/,7,91,7.69%,4.49
https://drommeguiden.no/sv/drommar/storm/,7,87,8.05%,5.3
https://drommeguiden.no/sv/drommar/papegoja/,7,83,8.43%,5.11
https://drommeguiden.no/sv/drommar/brost/,7,70,10%,3.74
https://drommeguiden.no/drommer/kollega-sex/,7,54,12.96%,6.33
https://drommeguiden.no/sv/drommar/far-djur/,7,33,21.21%,3.15
https://drommeguiden.no/sv/drommar/rav/,6,587,1.02%,8.41
https://drommeguiden.no/sv/kategori/djur/,6,528,1.14%,9.23
https://drommeguiden.no/drommer/flyging/,6,464,1.29%,7.38
https://drommeguiden.no/sv/drommar/myra/,6,276,2.17%,4.96
https://drommeguiden.no/sv/drommar/blod/,6,238,2.52%,7.66
https://drommeguiden.no/drommer/eksen-sex/,6,200,3%,7.58
https://drommeguiden.no/,6,187,3.21%,13.19
https://drommeguiden.no/sv/drommar/hus/,6,180,3.33%,8.37
https://drommeguiden.no/sv/drommar/kyss/,6,168,3.57%,5.77
https://drommeguiden.no/sv/drommar/gammal-van/,6,155,3.87%,5.64
https://drommeguiden.no/sv/drommar/sjukdom/,6,130,4.62%,5.09
https://drommeguiden.no/drommer/forfulgt/,6,127,4.72%,4.54
https://drommeguiden.no/drommer/skole/,6,127,4.72%,5.51
https://drommeguiden.no/drommer/kjole/,6,112,5.36%,6.29
https://drommeguiden.no/drommer/bro/,6,104,5.77%,7.79
https://drommeguiden.no/drommer/vindu/,6,102,5.88%,5.23
https://drommeguiden.no/sv/drommar/blixten/,6,86,6.98%,6.57
https://drommeguiden.no/drommer/mor/,6,65,9.23%,4.74
https://drommeguiden.no/sv/,6,65,9.23%,39.11
https://drommeguiden.no/drommer/saar/,6,48,12.5%,3.65
https://drommeguiden.no/drommer/bryst/,6,29,20.69%,5.66
https://drommeguiden.no/sv/drommar/katt/,5,495,1.01%,8.19
https://drommeguiden.no/drommer/naken/,5,357,1.4%,7.52
https://drommeguiden.no/sv/drommar/buss/,5,243,2.06%,5.48
https://drommeguiden.no/drommer/sommerfugl/,5,204,2.45%,8.86
https://drommeguiden.no/drommer/fodsel/,5,199,2.51%,9.2
https://drommeguiden.no/drommer/sykdom/,5,188,2.66%,4.84
https://drommeguiden.no/sv/drommar/drunkna-barn/,5,159,3.14%,9.32
https://drommeguiden.no/sv/drommar/barn/,5,158,3.16%,7.48
https://drommeguiden.no/drommer/fremmed/,5,145,3.45%,7.83
https://drommeguiden.no/drommer/koffert/,5,126,3.97%,5.83
https://drommeguiden.no/drommer/sen/,5,121,4.13%,4.63
https://drommeguiden.no/sv/drommar/ring/,5,120,4.17%,7.67
https://drommeguiden.no/sv/drommar/mat/,5,102,4.9%,5.35
https://drommeguiden.no/drommer/tre/,5,98,5.1%,5.79
https://drommeguiden.no/drommer/krokodille/,5,93,5.38%,5.78
https://drommeguiden.no/drommer/orgasme/,5,84,5.95%,14.5
https://drommeguiden.no/drommer/bil-uten-brems/,5,80,6.25%,5.33
https://drommeguiden.no/guider/falsk-oppvakning/,5,79,6.33%,6.29
https://drommeguiden.no/sv/drommar/radda-nagon/,5,77,6.49%,6.77
https://drommeguiden.no/drommer/fremmed-sex/,5,73,6.85%,6.37
https://drommeguiden.no/drommer/ku/,5,71,7.04%,4.55
https://drommeguiden.no/drommer/ammende/,5,69,7.25%,5.03
https://drommeguiden.no/sv/drommar/svamp/,5,69,7.25%,5.84
https://drommeguiden.no/sv/drommar/pingvin/,5,46,10.87%,6.15
https://drommeguiden.no/sv/drommar/tomte/,5,32,15.62%,4.12
https://drommeguiden.no/sv/drommar/far/,5,25,20%,3.56
https://drommeguiden.no/sv/drommar/gravid/,4,721,0.55%,10.59
https://drommeguiden.no/sv/drommar/sex/,4,454,0.88%,9.4
https://drommeguiden.no/drommer/do/,4,421,0.95%,10.32
https://drommeguiden.no/sv/drommar/do/,4,412,0.97%,13.6
https://drommeguiden.no/drommer/eksen/,4,332,1.2%,7.27
https://drommeguiden.no/sv/drommar/fjaril/,4,308,1.3%,9.79
https://drommeguiden.no/sv/drommar/doda/,4,294,1.36%,7.91
https://drommeguiden.no/drommer/bryllup/,4,224,1.79%,6.75
https://drommeguiden.no/drommer/elefant/,4,211,1.9%,7.95
https://drommeguiden.no/drommer/tog/,4,195,2.05%,5.15
https://drommeguiden.no/sv/drommar/simma/,4,162,2.47%,5.88
https://drommeguiden.no/sv/drommar/haj/,4,160,2.5%,5.86
https://drommeguiden.no/sv/drommar/orgasm/,4,160,2.5%,14.64
https://drommeguiden.no/sv/drommar/hav/,4,149,2.68%,5.5
https://drommeguiden.no/sv/drommar/resvaska/,4,131,3.05%,6.02
https://drommeguiden.no/sv/drommar/bro/,4,125,3.2%,8.88
https://drommeguiden.no/drommer/nagle/,4,124,3.23%,4.89
https://drommeguiden.no/sv/drommar/spegel/,4,121,3.31%,6.12
https://drommeguiden.no/sv/drommar/oversvamning/,4,109,3.67%,7.77
https://drommeguiden.no/sv/drommar/klanning/,4,101,3.96%,5.76
https://drommeguiden.no/drommer/gull/,4,95,4.21%,4.6
https://drommeguiden.no/sv/drommar/cykel/,4,87,4.6%,6.03
https://drommeguiden.no/sv/drommar/regn/,4,86,4.65%,5.76
https://drommeguiden.no/drommer/fengsel/,4,83,4.82%,4.46
https://drommeguiden.no/sv/drommar/krabba/,4,76,5.26%,5.7
https://drommeguiden.no/sv/drommar/karlek/,4,72,5.56%,7.76
https://drommeguiden.no/drommer/krabbe/,4,69,5.8%,7.01
https://drommeguiden.no/drommer/hval/,4,67,5.97%,5.63
https://drommeguiden.no/sv/drommar/forfoljd/,4,66,6.06%,4.47
https://drommeguiden.no/drommer/skille-lag/,4,65,6.15%,6.74
https://drommeguiden.no/drommer/eksamen/,4,60,6.67%,3.83
https://drommeguiden.no/drommer/reinsdyr/,4,60,6.67%,5.13
https://drommeguiden.no/drommer/homofil-drom/,4,58,6.9%,5.31
https://drommeguiden.no/sv/drommar/syster/,4,56,7.14%,5.57
https://drommeguiden.no/sv/drommar/granne/,4,45,8.89%,5.02
https://drommeguiden.no/drommer/laks/,4,26,15.38%,3.81
https://drommeguiden.no/sv/drommar/is/,4,24,16.67%,4.67
https://drommeguiden.no/sv/drommar/troll/,4,23,17.39%,2.96
https://drommeguiden.no/drommer/tann/,3,591,0.51%,10.05
https://drommeguiden.no/drommer/penger/,3,272,1.1%,5.43
https://drommeguiden.no/sv/guider/barn-och-drommar/,3,271,1.11%,13.3
https://drommeguiden.no/sv/drommar/regnbage/,3,269,1.12%,7.76
https://drommeguiden.no/drommer/drukne/,3,248,1.21%,8.02
https://drommeguiden.no/sv/drommar/vinna-pengar/,3,191,1.57%,6.98
https://drommeguiden.no/drommer/sex/,3,190,1.58%,9.83
https://drommeguiden.no/sv/drommar/ex-sex/,3,182,1.65%,10.09
https://drommeguiden.no/drommer/bie/,3,160,1.88%,5.75
https://drommeguiden.no/kategori/vann/,3,151,1.99%,9.37
https://drommeguiden.no/drommer/maur/,3,144,2.08%,4.78
https://drommeguiden.no/sv/drommar/delfin/,3,141,2.13%,5.93
https://drommeguiden.no/sv/kategori/kropp/,3,141,2.13%,7.81
https://drommeguiden.no/sv/drommar/alkohol/,3,136,2.21%,6.15
https://drommeguiden.no/drommer/fjell/,3,135,2.22%,5.07
https://drommeguiden.no/drommer/vinne-penger/,3,132,2.27%,6.87
https://drommeguiden.no/sv/drommar/bil-utan-bromsar/,3,130,2.31%,6.5
https://drommeguiden.no/sv/drommar/missat-flyg/,3,124,2.42%,7.18
https://drommeguiden.no/sv/drommar/menstruation/,3,108,2.78%,5.27
https://drommeguiden.no/drommer/fly-misser/,3,105,2.86%,6.87
https://drommeguiden.no/drommer/sloss/,3,102,2.94%,4.42
https://drommeguiden.no/drommer/regnbue/,3,96,3.12%,12.51
https://drommeguiden.no/drommer/orm/,3,95,3.16%,4.14
https://drommeguiden.no/drommer/menstruasjon/,3,91,3.3%,4.66
https://drommeguiden.no/sv/drommar/pappa/,3,88,3.41%,6.35
https://drommeguiden.no/sv/drommar/skog/,3,83,3.61%,5.77
https://drommeguiden.no/sv/drommar/sjukhus/,3,79,3.8%,5.13
https://drommeguiden.no/drommer/gammel-venn/,3,73,4.11%,4.73
https://drommeguiden.no/sv/drommar/djavul/,3,69,4.35%,5.33
https://drommeguiden.no/drommer/sau/,3,67,4.48%,4.43
https://drommeguiden.no/drommer/dor/,3,65,4.62%,6.58
https://drommeguiden.no/sv/drommar/anglar/,3,60,5%,5.17
https://drommeguiden.no/drommer/strand/,3,55,5.45%,5.13
https://drommeguiden.no/drommer/dans/,3,53,5.66%,4.28
https://drommeguiden.no/drommer/lynet/,3,51,5.88%,5.8
https://drommeguiden.no/sv/drommar/hud/,3,49,6.12%,5.55
https://drommeguiden.no/drommer/elv/,3,49,6.12%,6.33
https://drommeguiden.no/sv/drommar/utlandet/,3,48,6.25%,3.79
https://drommeguiden.no/drommer/lys/,3,46,6.52%,4.13
https://www.drommeguiden.no/drommer/elg,3,44,6.82%,5.77
https://drommeguiden.no/drommer/troll/,3,41,7.32%,4.34
https://drommeguiden.no/sv/drommar/mage/,3,40,7.5%,5.58
https://drommeguiden.no/drommer/jord/,3,39,7.69%,5.64
https://drommeguiden.no/drommer/soester/,3,37,8.11%,4.38
https://drommeguiden.no/drommer/bror/,3,36,8.33%,3.33
https://drommeguiden.no/sv/drommar/jord/,3,31,9.68%,5.55
https://drommeguiden.no/drommer/bunad/,3,28,10.71%,5.36
https://drommeguiden.no/sv/drommar/manen/,3,27,11.11%,4.26
https://drommeguiden.no/sv/drommar/norrsken/,3,20,15%,4.7
https://drommeguiden.no/drommer/moerke/,3,19,15.79%,4.68
https://drommeguiden.no/drommer/bli-reddet/,3,17,17.65%,6
https://drommeguiden.no/sv/drommar/oknen/,3,16,18.75%,4
https://drommeguiden.no/sv/drommar/vind/,3,14,21.43%,6.29
https://drommeguiden.no/sv/drommar/bjorn/,2,483,0.41%,9.31
https://drommeguiden.no/sv/drommar/falla/,2,339,0.59%,8.96
https://drommeguiden.no/sv/drommar/toalett/,2,305,0.66%,7.91
https://drommeguiden.no/kategori/mennesker/,2,233,0.86%,8.01
https://drommeguiden.no/drommer/orn/,2,177,1.13%,7.59
https://drommeguiden.no/drommer/mus/,2,170,1.18%,5.14
https://drommeguiden.no/sv/drommar/pengar/,2,165,1.21%,7.7
https://drommeguiden.no/drommer/frosk/,2,161,1.24%,6.52
https://drommeguiden.no/sv/drommar/brollop/,2,142,1.41%,9.35
https://drommeguiden.no/drommer/mat/,2,130,1.54%,5.75
https://drommeguiden.no/sv/drommar/skola/,2,130,1.54%,5.91
https://drommeguiden.no/kategori/natur/,2,130,1.54%,10.81
https://drommeguiden.no/sv/drommar/dorr/,2,118,1.69%,7.19
https://drommeguiden.no/sv/drommar/inbrottstjuv/,2,117,1.71%,5.49
https://drommeguiden.no/sv/drommar/telefon/,2,115,1.74%,5.67
https://drommeguiden.no/drommer/hjort/,2,112,1.79%,6.83
https://drommeguiden.no/sv/drommar/dans/,2,92,2.17%,3.78
https://drommeguiden.no/guider/drommer-om-avdode/,2,90,2.22%,9.86
https://drommeguiden.no/sv/drommar/oron/,2,83,2.41%,5.57
https://drommeguiden.no/drommer/delfin/,2,81,2.47%,6.36
https://drommeguiden.no/drommer/sykehus/,2,77,2.6%,4.09
https://drommeguiden.no/sv/drommar/drake/,2,76,2.63%,6.09
https://drommeguiden.no/sv/drommar/chef/,2,75,2.67%,5.4
https://drommeguiden.no/sv/drommar/sten/,2,73,2.74%,5.32
https://drommeguiden.no/sv/drommar/bi/,2,73,2.74%,8.63
https://drommeguiden.no/sv/drommar/hjort/,2,70,2.86%,6.01
https://drommeguiden.no/drommer/bein/,2,68,2.94%,5.79
https://drommeguiden.no/drommer/stein/,2,65,3.08%,6.15
https://drommeguiden.no/drommer/tvillinger/,2,62,3.23%,6.5
https://drommeguiden.no/sv/drommar/hander/,2,60,3.33%,6.38
https://drommeguiden.no/sv/drommar/ben/,2,59,3.39%,6.47
https://drommeguiden.no/drommer/papegoy/,2,58,3.45%,4.1
https://drommeguiden.no/sv/drommar/homosexuell-drom/,2,58,3.45%,5.47
https://www.drommeguiden.no/drommer/hav,2,56,3.57%,5.27
https://drommeguiden.no/drommer/djevel/,2,53,3.77%,3.92
https://drommeguiden.no/sv/drommar/vinna/,2,51,3.92%,6.49
https://www.drommeguiden.no/kategori/mennesker,2,50,4%,8.84
https://drommeguiden.no/drommer/pingvin/,2,46,4.35%,5.15
https://drommeguiden.no/sv/drommar/musik/,2,46,4.35%,5.33
https://drommeguiden.no/drommer/drage/,2,43,4.65%,5.16
https://drommeguiden.no/sv/drommar/tornado/,2,43,4.65%,5.7
https://drommeguiden.no/sv/drommar/vag/,2,39,5.13%,4.62
https://drommeguiden.no/sv/drommar/tag/,2,36,5.56%,12.44
https://drommeguiden.no/drommer/tornado/,2,35,5.71%,5.37
https://drommeguiden.no/sv/drommar/kyrka/,2,33,6.06%,5.21
https://drommeguiden.no/kategori/gjenstander/,2,32,6.25%,7.19
https://drommeguiden.no/sv/drommar/forlovning/,2,29,6.9%,5.41
https://drommeguiden.no/drommer/jordskjelv/,2,28,7.14%,3.75
https://drommeguiden.no/drommer/vei/,2,26,7.69%,5.12
https://drommeguiden.no/sv/drommar/hjarta/,2,25,8%,3.24
https://drommeguiden.no/drommer/hender/,2,25,8%,5.52
https://drommeguiden.no/drommer/baby-gutt/,2,25,8%,7.88
https://drommeguiden.no/sv/drommar/rygg/,2,24,8.33%,3.38
https://drommeguiden.no/drommer/morkt-rom/,2,23,8.7%,4.61
https://drommeguiden.no/sv/drommar/ros/,2,22,9.09%,4.23
https://drommeguiden.no/drommer/engler/,2,22,9.09%,4.45
https://drommeguiden.no/sv/kategori/andlig/,2,22,9.09%,10.59
https://www.drommeguiden.no/drommer/kjaerlighet/,2,20,10%,11.95
https://www.drommeguiden.no/drommer/jordskjelv,2,19,10.53%,4.47
https://www.drommeguiden.no/drommer/hval,2,19,10.53%,4.89
https://www.drommeguiden.no/drommer/nagle,2,13,15.38%,4.92
https://drommeguiden.no/sv/drommar/gral/,2,8,25%,4.75
https://www.drommeguiden.no/kategori/steder,2,8,25%,6.25
https://drommeguiden.no/drommer/ensomhet/,2,7,28.57%,3.57
https://drommeguiden.no/guider/mareritt/,1,536,0.19%,41.21
https://drommeguiden.no/sv/drommar/vara-gravid-man/,1,258,0.39%,11.31
https://drommeguiden.no/sv/drommar/tand/,1,217,0.46%,13.24
https://drommeguiden.no/sv/drommar/krokodil/,1,211,0.47%,7.87
https://drommeguiden.no/sv/drommar/flyga/,1,185,0.54%,9.12
https://drommeguiden.no/drommer/hav/,1,120,0.83%,5.8
https://drommeguiden.no/drommer/speil/,1,109,0.92%,5.4
https://drommeguiden.no/sv/drommar/eld/,1,107,0.93%,10.26
https://drommeguiden.no/sv/drommar/tvillingar/,1,102,0.98%,6.12
https://drommeguiden.no/drommer/kjaereste/,1,102,0.98%,6.23
https://drommeguiden.no/drommer/svomme/,1,96,1.04%,5.99
https://drommeguiden.no/sv/drommar/forlora-baby/,1,92,1.09%,6.47
https://drommeguiden.no/drommer/sykkel/,1,89,1.12%,5.13
https://drommeguiden.no/sv/drommar/bad/,1,88,1.14%,6.26
https://www.drommeguiden.no/drommer/slange,1,81,1.23%,8.52
https://drommeguiden.no/sovn/angst-sovn/,1,78,1.28%,32.44
https://drommeguiden.no/sv/drommar/partner/,1,75,1.33%,7.15
https://drommeguiden.no/drommer/skip/,1,73,1.37%,5.92
https://drommeguiden.no/drommer/ulykke/,1,72,1.39%,6.61
https://drommeguiden.no/drommer/skog/,1,71,1.41%,4.58
https://drommeguiden.no/drommer/bad/,1,71,1.41%,8.42
https://www.drommeguiden.no/drommer/slange/,1,71,1.41%,9.04
https://drommeguiden.no/sv/drommar/fodelse/,1,66,1.52%,12.65
https://www.drommeguiden.no/sovn/menopause-sovn/,1,64,1.56%,25.62
https://drommeguiden.no/sv/drommar/forlora-barn/,1,63,1.59%,7.08
https://www.drommeguiden.no/drommer/hest,1,57,1.75%,5.68
https://drommeguiden.no/kategori/kropp/,1,56,1.79%,7.09
https://www.drommeguiden.no/guider/barn-og-drommer/,1,55,1.82%,8.69
https://drommeguiden.no/sv/drommar/operation/,1,54,1.85%,4.46
https://drommeguiden.no/sv/drommar/samlag/,1,54,1.85%,8.67
https://drommeguiden.no/drommer/nokler/,1,53,1.89%,5.4
https://drommeguiden.no/sv/drommar/separation/,1,53,1.89%,9.28
https://drommeguiden.no/sv/drommar/frammande-sex/,1,53,1.89%,11.21
https://drommeguiden.no/drommer/hjerte/,1,52,1.92%,4.35
https://drommeguiden.no/drommer/oase/,1,52,1.92%,11.71
https://drommeguiden.no/drommer/kjaerlighet/,1,51,1.96%,7
https://drommeguiden.no/sv/drommar/skepp/,1,50,2%,6.8
https://drommeguiden.no/drommer/mane/,1,49,2.04%,7.41
https://drommeguiden.no/sv/drommar/jordbavning/,1,48,2.08%,4.04
https://drommeguiden.no/drommer/musikk/,1,48,2.08%,4.29
https://drommeguiden.no/sv/drommar/berg/,1,46,2.17%,6.09
https://www.drommeguiden.no/drommer/bli-skutt,1,43,2.33%,7.72
https://drommeguiden.no/sovn/ptsd-drommer/,1,42,2.38%,30.69
https://drommeguiden.no/sv/guider/mardrom/,1,40,2.5%,51.05
https://drommeguiden.no/drommer/sjef/,1,39,2.56%,4.18
https://drommeguiden.no/sv/drommar/,1,39,2.56%,8.69
https://drommeguiden.no/drommer/sol/,1,38,2.63%,5.95
https://drommeguiden.no/drommer/operasjon/,1,37,2.7%,2.92
https://drommeguiden.no/drommer/alkohol/,1,37,2.7%,5.38
https://drommeguiden.no/sv/drommar/kallare/,1,35,2.86%,5.26
https://drommeguiden.no/drommer/kirke/,1,32,3.12%,5.91
https://drommeguiden.no/drommer/samleie/,1,31,3.23%,8.35
https://drommeguiden.no/drommer/hage/,1,30,3.33%,4.6
https://drommeguiden.no/kategori/aandelig/,1,30,3.33%,7.63
https://drommeguiden.no/drommer/stjerner/,1,30,3.33%,7.9
https://drommeguiden.no/drommer/far/,1,29,3.45%,3.21
https://drommeguiden.no/drommer/snoskred/,1,28,3.57%,3.39
https://drommeguiden.no/sv/drommar/bror/,1,27,3.7%,4.59
https://drommeguiden.no/drommer/sopp/,1,26,3.85%,4
https://drommeguiden.no/drommer/redde-noen/,1,25,4%,5.48
https://drommeguiden.no/sv/somn/polyfasisk-somn/,1,25,4%,10.6
https://drommeguiden.no/sv/drommar/ljus/,1,22,4.55%,4.32
https://www.drommeguiden.no/drommer/avdod-person,1,22,4.55%,8.05
https://drommeguiden.no/sv/guider/drommar-om-avlidna/,1,21,4.76%,12.33
https://www.drommeguiden.no/drommer/dor,1,20,5%,6.05
https://www.drommeguiden.no/sovn/sovnapne/,1,20,5%,64.05
https://drommeguiden.no/drommer/mage/,1,19,5.26%,4.32
https://drommeguiden.no/drommer/nisse/,1,18,5.56%,6.5
https://drommeguiden.no/sv/drommar/mun/,1,18,5.56%,6.94
https://www.drommeguiden.no/drommer/gullfisk/,1,18,5.56%,7.39
https://www.drommeguiden.no/sovn/menopause-sovn,1,18,5.56%,16.61
https://drommeguiden.no/sv/drommar/morkt-rum/,1,17,5.88%,6.24
https://drommeguiden.no/drommer/munn/,1,16,6.25%,5.69
https://drommeguiden.no/drommer/vaere-gravid-mann/,1,15,6.67%,8
https://drommeguiden.no/sv/somn/nordiska-dromsagor/,1,15,6.67%,9.33
https://drommeguiden.no/sv/drommar/lax/,1,14,7.14%,3.36
https://drommeguiden.no/drommer/orken/,1,14,7.14%,6.71
https://drommeguiden.no/drommer/bok/,1,13,7.69%,3.38
https://drommeguiden.no/sv/drommar/farfar/,1,13,7.69%,4.31
https://www.drommeguiden.no/drommer/hval/,1,11,9.09%,5
https://www.drommeguiden.no/drommer/eksamen/,1,10,10%,3.7
https://drommeguiden.no/drommer/underliv/,1,10,10%,5
https://drommeguiden.no/sv/somn/depression-somn/,1,10,10%,70.7
https://drommeguiden.no/sv/drommar/mor/,1,9,11.11%,8.56
https://drommeguiden.no/drommer/nabo/,1,8,12.5%,3.25
https://www.drommeguiden.no/drommer/kjaerlighet,1,8,12.5%,6.25
https://drommeguiden.no/drommer/tape/,1,7,14.29%,7.86
https://drommeguiden.no/kategori/mennesker,1,7,14.29%,8
https://drommeguiden.no/drommer/skamme/,1,7,14.29%,9.57
https://drommeguiden.no/sv/drommar/folkdrakt/,1,6,16.67%,2.17
https://www.drommeguiden.no/drommer/is/,1,6,16.67%,3.5
http://drommeguiden.no/,1,5,20%,5.6
https://www.drommeguiden.no/drommer/gullfisk,1,4,25%,2.75
https://www.drommeguiden.no/sovn/sorg-sovn/,1,3,33.33%,7
https://drommeguiden.no/sovn/melatonin/,0,737,0%,71.93
https://drommeguiden.no/sovn/sovnbehov/,0,649,0%,47.24
https://drommeguiden.no/sovn/sovnfaser/,0,369,0%,46.26
https://drommeguiden.no/sv/drommar/spindel/,0,299,0%,11.59
https://drommeguiden.no/sv/drommar/otrohet/,0,291,0%,17.22
https://www.drommeguiden.no/sovn/sovnfaser,0,272,0%,34.31
https://drommeguiden.no/sovn/sovn-graviditet/,0,215,0%,61.76
https://drommeguiden.no/sv/drommar/lejon/,0,188,0%,9.43
https://drommeguiden.no/drommer/fly-styrter/,0,182,0%,7.29
https://drommeguiden.no/sovn/,0,178,0%,78.52
https://drommeguiden.no/guider/barn-og-drommer/,0,157,0%,10.39
https://drommeguiden.no/sv/drommar/flygkrasch/,0,126,0%,9.36
https://www.drommeguiden.no/sovn/sovnapne,0,126,0%,41.6
https://drommeguiden.no/sv/somn/melatonin/,0,123,0%,75.57
https://drommeguiden.no/sv/drommar/otrohet-partner/,0,122,0%,21.16
https://drommeguiden.no/sv/somn/somnfaser/,0,122,0%,64.26
https://drommeguiden.no/sovn/sovnhygiene/,0,115,0%,62.2
https://drommeguiden.no/guider/sovnparalyse/,0,114,0%,34.81
https://www.drommeguiden.no/sovn/sovnproblemer/,0,106,0%,64.94
https://drommeguiden.no/sv/drommar/naken/,0,98,0%,10.35
https://drommeguiden.no/sovn/soverom-sovn/,0,98,0%,59.24
https://drommeguiden.no/sovn/polyfasisk-sovn/,0,93,0%,7.77
https://drommeguiden.no/sv/guider/aterkommande-drommar/,0,92,0%,8.15
https://drommeguiden.no/sv/kategori/vatten/,0,90,0%,16.36
https://drommeguiden.no/drommer/jobbe-drom/,0,88,0%,7.6
https://drommeguiden.no/sv/drommar/fjord/,0,88,0%,11.98
https://www.drommeguiden.no/drommer/avdod-person/,0,87,0%,10.43
https://drommeguiden.no/sv/drommar/sol/,0,81,0%,8.07
https://drommeguiden.no/sv/drommar/jobb-drom/,0,78,0%,8.92
https://drommeguiden.no/sv/drommar/frammande/,0,77,0%,9.38
https://drommeguiden.no/sv/drommar/ex/,0,76,0%,15.8
https://drommeguiden.no/sovn/sovnapne/,0,71,0%,62.76
https://drommeguiden.no/sv/drommar/olycka/,0,70,0%,6.03
https://drommeguiden.no/sv/drommar/sen/,0,69,0%,7.77
https://drommeguiden.no/drommer/edderkopp/#de-vanligste-tolkningene,0,65,0%,6.37
https://drommeguiden.no/drommer/edderkopp/#hva-betyr-det-%C3%A5-dr%C3%B8mme-om-edderkopp,0,65,0%,6.37
https://drommeguiden.no/drommer/edderkopp/#hva-p%C3%A5virker-tolkningen,0,65,0%,6.37
https://drommeguiden.no/sv/guider/vad-ar-drommar/,0,64,0%,69.97
https://drommeguiden.no/sovn/hva-er-sovn/,0,62,0%,70.6
https://drommeguiden.no/drommer/storm/,0,56,0%,6.11
https://drommeguiden.no/sovn/sovn-immunforsvar/,0,54,0%,38.63
https://drommeguiden.no/sovn/sovnproblemer/,0,52,0%,79.73
https://drommeguiden.no/sv/drommar/baby/,0,51,0%,9.94
https://drommeguiden.no/drommer/brann/#de-vanligste-tolkningene,0,50,0%,4.42
https://drommeguiden.no/drommer/brann/#hva-betyr-det-%C3%A5-dr%C3%B8mme-om-brann,0,50,0%,4.42
https://drommeguiden.no/drommer/hode/,0,50,0%,6.48
https://drommeguiden.no/kategori/steder/,0,50,0%,7.72
https://drommeguiden.no/drommer/brann/#hva-p%C3%A5virker-tolkningen,0,49,0%,4.41
https://drommeguiden.no/sovn/menopause-sovn/,0,48,0%,64.15
https://drommeguiden.no/drommer/hud/,0,47,0%,5.51
https://www.drommeguiden.no/drommer/hest/,0,47,0%,6.57
https://drommeguiden.no/drommer/flom/,0,46,0%,5.7
https://drommeguiden.no/drommer/fingre/,0,46,0%,6.35
https://drommeguiden.no/sv/kategori/platser/,0,45,0%,7.02
https://drommeguiden.no/guider/nattskrekk/,0,45,0%,16.78
https://drommeguiden.no/sovn/depresjon-sovn/,0,45,0%,41.24
https://drommeguiden.no/drommer/hytte/,0,44,0%,5.05
https://drommeguiden.no/guider/hva-er-drommer/,0,42,0%,53.31
https://drommeguiden.no/drommer/brann/#psykologiske-og-kulturelle-perspektiver,0,41,0%,4.54
https://drommeguiden.no/sv/drommar/strand/,0,40,0%,6.97
https://drommeguiden.no/sovn/koffein-sovn/,0,40,0%,16.57
https://drommeguiden.no/drommer/kjeller/,0,39,0%,4.97
https://drommeguiden.no/drommer/fot/,0,39,0%,5.64
https://drommeguiden.no/sv/drommar/overfallen/,0,39,0%,6.18
https://www.drommeguiden.no/sovn/sovn-immunforsvar/,0,39,0%,29.87
https://drommeguiden.no/drommer/edderkopp/#psykologiske-og-kulturelle-perspektiver,0,38,0%,6.87
https://drommeguiden.no/sv/drommar/forlora-nagot/,0,38,0%,9.95
https://drommeguiden.no/sv/somn/alkohol-somn/,0,38,0%,34.76
https://drommeguiden.no/sv/guider/profetiska-drommar/,0,37,0%,7.97
https://drommeguiden.no/sv/drommar/baby-pojke/,0,37,0%,8.38
https://drommeguiden.no/sv/kategori/manniskor/,0,37,0%,11.27
https://drommeguiden.no/drommer/vinne/,0,36,0%,5.25
https://drommeguiden.no/sv/guider/nattskrack/,0,35,0%,51.2
https://drommeguiden.no/sv/drommar/foda/,0,33,0%,12.61
https://drommeguiden.no/sovn/dognrytme/,0,33,0%,23.76
https://drommeguiden.no/guider/stress-og-drommer/,0,32,0%,8.31
https://drommeguiden.no/drommer/nordlys/,0,31,0%,6.71
https://www.drommeguiden.no/drommer/har,0,31,0%,7.39
https://drommeguiden.no/sv/drommar/stjarnor/,0,31,0%,8.94
https://drommeguiden.no/drommer/rygg/,0,30,0%,4.7
https://drommeguiden.no/sv/guider/falskt-uppvaknande/,0,30,0%,7.9
https://drommeguiden.no/sovn/vektet-teppe/,0,30,0%,16.03
https://drommeguiden.no/sovn/alkohol-sovn/,0,30,0%,30.57
https://drommeguiden.no/guider/drommejournalen/,0,29,0%,31.93
https://drommeguiden.no/sovn/hvorfor-drommer-vi/,0,29,0%,44.52
https://drommeguiden.no/sv/drommar/himmel/,0,28,0%,5.96
https://drommeguiden.no/sv/guider/stress-och-drommar/,0,28,0%,14.64
https://drommeguiden.no/sv/drommar/fingrar/,0,27,0%,5.96
https://www.drommeguiden.no/sovn/polyfasisk-sovn/,0,27,0%,6.07
https://drommeguiden.no/drommer/bestemor/,0,27,0%,6.63
https://drommeguiden.no/drommer/loft/,0,25,0%,4.64
https://drommeguiden.no/sv/drommar/huvud/,0,25,0%,7.2
https://drommeguiden.no/guider/lucid-dromming/,0,25,0%,13.84
https://drommeguiden.no/sovn/sovntilskudd/,0,25,0%,58
https://drommeguiden.no/drommer/regn/,0,24,0%,4
https://drommeguiden.no/drommer/is/,0,24,0%,4.17
https://drommeguiden.no/sv/drommar/guldfisk/,0,24,0%,4.42
https://drommeguiden.no/drommer/ild/,0,24,0%,7.58
https://www.drommeguiden.no/sovn/sovnfaser/,0,23,0%,21.74
https://drommeguiden.no/sv/drommar/ensamhet/,0,21,0%,5.52
https://drommeguiden.no/sv/drommar/stuga/,0,21,0%,5.9
https://drommeguiden.no/guider/drommer-om-avdode,0,21,0%,6.38
https://drommeguiden.no/sv/drommar/farmor/,0,21,0%,7.05
https://drommeguiden.no/sv/drommar/oas/,0,21,0%,9.62
https://drommeguiden.no/sovn/hvit-stoy-sovn/,0,21,0%,13.52
https://drommeguiden.no/drommer/gullfisk/,0,20,0%,4.3
https://drommeguiden.no/drommer/overfalt/,0,20,0%,5.35
https://drommeguiden.no/sv/kategori/foremal/,0,20,0%,7.4
https://drommeguiden.no/guider/profetiske-drommer/,0,20,0%,7.45
https://drommeguiden.no/drommer/penger/#de-vanligste-tolkningene,0,19,0%,4.32
https://drommeguiden.no/drommer/penger/#hva-betyr-det-%C3%A5-dr%C3%B8mme-om-penger,0,19,0%,4.32
https://drommeguiden.no/drommer/penger/#hva-p%C3%A5virker-tolkningen,0,19,0%,4.32
https://drommeguiden.no/drommer/penger/#psykologiske-og-kulturelle-perspektiver,0,19,0%,4.32
https://drommeguiden.no/drommer/ore/,0,19,0%,4.79
https://www.drommeguiden.no/sovn/sovnproblemer,0,19,0%,79.63
https://drommeguiden.no/drommer/utlandet/,0,18,0%,5.06
https://drommeguiden.no/sv/kategori/natur/,0,17,0%,6.65
https://drommeguiden.no/sovn/astralprosjeksjon/,0,16,0%,8.62
https://www.drommeguiden.no/sovn/koffein-sovn/,0,16,0%,9.25
https://drommeguiden.no/sv/somn/angest-somn/,0,16,0%,55.75
https://drommeguiden.no/sv/somn/vad-ar-somn/,0,16,0%,78.44
https://drommeguiden.no/drommer/himmel/,0,15,0%,4.8
https://drommeguiden.no/sovn/norrene-drommesagaer/,0,15,0%,5.4
https://drommeguiden.no/drommer/bli-fortapt/,0,15,0%,8.27
https://drommeguiden.no/kategori/hendelser/,0,15,0%,11.2
https://drommeguiden.no/drommer/forlovelse/,0,14,0%,5.36
https://www.drommeguiden.no/kategori/mennesker/,0,14,0%,8.14
https://drommeguiden.no/drommer/stavkirke/,0,14,0%,15.14
https://drommeguiden.no/sv/drommar/tradgard/,0,13,0%,7.31
https://drommeguiden.no/sv/drommar/arr/,0,13,0%,12.38
https://www.drommeguiden.no/sovn/sovn-immunforsvar,0,13,0%,36.69
https://drommeguiden.no/sv/somn/klimakterie-somn/,0,13,0%,66.85
https://drommeguiden.no/sv/drommar/lavin/,0,12,0%,5
https://www.drommeguiden.no/drommer/nagle/,0,12,0%,5.08
https://drommeguiden.no/sv/drommar/bok/,0,11,0%,4.18
https://drommeguiden.no/drommer/rose/,0,11,0%,5.45
https://drommeguiden.no/drommer/a-til-aa/,0,11,0%,5.73
https://drommeguiden.no/sv/drommar/skammas/,0,11,0%,7.64
https://www.drommeguiden.no/sovn/sorg-sovn,0,11,0%,8.09
https://drommeguiden.no/sovn/sovnapper/,0,11,0%,9.36
https://drommeguiden.no/sv/somn/koffein-somn/,0,11,0%,18.27
https://drommeguiden.no/guider/,0,11,0%,30
https://www.drommeguiden.no/sovn,0,11,0%,76.82
https://drommeguiden.no/sv/drommar/brand/#de-vanligaste-tolkningarna,0,10,0%,2.9
https://drommeguiden.no/sv/drommar/brand/#vad-betyder-det-att-dr%C3%B6mma-om-brand,0,10,0%,2.9
https://www.drommeguiden.no/drommer/is,0,10,0%,5.8
https://drommeguiden.no/sv/somn/dygnsrytm/,0,10,0%,55.6
https://drommeguiden.no/sv/drommar/ren/,0,9,0%,4.89
https://drommeguiden.no/sv/drommar/alv/,0,9,0%,5.22
https://drommeguiden.no/sv/drommar/underliv/,0,9,0%,10.67
https://drommeguiden.no/sv/drommar/brand/#vad-p%C3%A5verkar-tolkningen,0,8,0%,3.25
https://drommeguiden.no/drommer/onkel/,0,8,0%,5.25
https://www.drommeguiden.no/drommer/munn/,0,8,0%,6.75
https://www.drommeguiden.no/drommer/dor/,0,8,0%,6.88
https://www.drommeguiden.no/drommer/har/,0,8,0%,7.12
https://drommeguiden.no/drommer/hav,0,8,0%,7.5
https://drommeguiden.no/drommer/fjord/,0,8,0%,7.62
https://drommeguiden.no/drommer/helvete/,0,8,0%,8.25
https://drommeguiden.no/sv/drommar/tenta/,0,8,0%,9.88
https://drommeguiden.no/sv/kategori/handelser/,0,8,0%,10.12
https://drommeguiden.no/sv/somn/laggdags-rutin/,0,8,0%,13.75
https://drommeguiden.no/sv/somn/astralprojektion/,0,8,0%,16.38
https://drommeguiden.no/sv/guider/,0,8,0%,37.62
https://drommeguiden.no/drommer/vikingskip/,0,8,0%,42
https://www.drommeguiden.no/drommer/munn,0,7,0%,5.43
https://drommeguiden.no/sv/drommar/forlora/,0,7,0%,6
https://drommeguiden.no/sovn/sovn-eldre/,0,7,0%,9.29
https://drommeguiden.no/sovn/trening-sovn/,0,7,0%,15
https://drommeguiden.no/sv/drommar/moster/,0,7,0%,19.86
https://drommeguiden.no/sv/guider/klardromning/,0,7,0%,27.71
https://drommeguiden.no/sv/somn/traning-somn/,0,7,0%,59.14
https://drommeguiden.no/drommer/bestefar/,0,6,0%,2.33
https://drommeguiden.no/drommer/tante/,0,6,0%,4
https://drommeguiden.no/sv/drommar/gud/,0,6,0%,4.33
https://drommeguiden.no/drommer/arr/,0,6,0%,4.83
https://drommeguiden.no/sv/drommar/helvete/,0,6,0%,5.67
https://drommeguiden.no/kategori/,0,6,0%,5.83
https://drommeguiden.no/sv/guider/dromjournalen/,0,6,0%,9.83
https://www.drommeguiden.no/sovn/koffein-sovn,0,6,0%,10.5
https://drommeguiden.no/sv/drommar/stavkyrka/,0,6,0%,11.17
https://drommeguiden.no/sovn/sorg-sovn/,0,6,0%,26.5
https://www.drommeguiden.no/drommer/jordskjelv/,0,5,0%,3.6
https://drommeguiden.no/sv/drommar/ek/,0,5,0%,6.6
https://drommeguiden.no/sv/drommar/morker/,0,5,0%,7.2
https://drommeguiden.no/sv/drommar/alg/#de-vanligaste-tolkningarna,0,5,0%,10
https://drommeguiden.no/sv/drommar/alg/#vad-p%C3%A5verkar-tolkningen,0,5,0%,10
https://www.drommeguiden.no/drommer/lykke/,0,4,0%,5.25
https://drommeguiden.no/sv/drommar/bli-raddad/,0,4,0%,7.25
https://drommeguiden.no/sv/somn/beromda-drommar/,0,4,0%,8.5
https://drommeguiden.no/sv/drommar/morbror/,0,4,0%,8.75
https://www.drommeguiden.no/guider/drommejournalen,0,4,0%,8.75
https://drommeguiden.no/sv/drommar/alg/#psykologiska-och-kulturella-perspektiv,0,4,0%,9.75
https://drommeguiden.no/sv/guider/somnforlamning/,0,4,0%,12.5
https://drommeguiden.no/personvern/,0,4,0%,16.25
https://drommeguiden.no/sv/somn/somn-immunforsvar/,0,4,0%,73.25
https://www.drommeguiden.no/sovn/,0,4,0%,78
https://drommeguiden.no/sv/drommar/lycka/,0,3,0%,1.33
https://drommeguiden.no/guider/falsk-oppvakning/#det-psykologiske-perspektivet,0,3,0%,3.33
https://drommeguiden.no/guider/falsk-oppvakning/#gjentakende-falsk-oppv%C3%A5kning,0,3,0%,3.33
https://drommeguiden.no/guider/falsk-oppvakning/#hva-er-falsk-oppv%C3%A5kning,0,3,0%,3.33
https://drommeguiden.no/guider/falsk-oppvakning/#hvorfor-skjer-det,0,3,0%,3.33
https://drommeguiden.no/guider/falsk-oppvakning/#koblingen-til-lucid-dreaming,0,3,0%,3.33
https://drommeguiden.no/guider/falsk-oppvakning/#to-typer-falsk-oppv%C3%A5kning,0,3,0%,3.33
https://drommeguiden.no/sv/kategori/,0,3,0%,3.33
https://drommeguiden.no/drommer/utroskap/#de-vanligste-tolkningene,0,3,0%,4.33
https://drommeguiden.no/drommer/utroskap/#hva-betyr-det-%C3%A5-dr%C3%B8mme-om-utroskap,0,3,0%,4.33
https://drommeguiden.no/drommer/utroskap/#hva-p%C3%A5virker-tolkningen,0,3,0%,4.33
https://www.drommeguiden.no/kategori/gjenstander/,0,3,0%,5.33
https://www.drommeguiden.no/guider/barn-og-drommer,0,3,0%,6
https://drommeguiden.no/sovn/beroemte-drommer/,0,3,0%,6.33
https://drommeguiden.no/drommer/gud/,0,3,0%,7
https://www.drommeguiden.no/sovn/drommer-og-hjernen/,0,3,0%,7
https://drommeguiden.no/drommer/oke/,0,3,0%,8
https://drommeguiden.no/guider/gjentakende-drommer/,0,3,0%,8.67
https://drommeguiden.no/sv/drommar/vikingaskepp/,0,3,0%,9.33
https://www.drommeguiden.no/drommer/bli-skutt/,0,3,0%,9.33
https://drommeguiden.no/sv/somn/drommar-och-hjarnan/,0,3,0%,11
https://drommeguiden.no/sv/somn/ptsd-drommar/,0,3,0%,11
https://drommeguiden.no/sv/somn/sovrum-somn/,0,3,0%,20.33
https://www.drommeguiden.no/sovn/sovnhygiene/,0,3,0%,34.33
https://drommeguiden.no/drommer/tiger/#de-vanligste-tolkningene,0,2,0%,2
https://drommeguiden.no/drommer/tiger/#hva-betyr-det-%C3%A5-dr%C3%B8mme-om-tiger,0,2,0%,2
https://drommeguiden.no/drommer/tiger/#hva-p%C3%A5virker-tolkningen,0,2,0%,2
https://drommeguiden.no/sovn/leggetidsrutine/,0,2,0%,3
https://drommeguiden.no/sv/somn/sorg-somn/,0,2,0%,3.5
https://www.drommeguiden.no/kategori/gjenstander,0,2,0%,4
https://www.drommeguiden.no/sovn/sovnhygiene,0,2,0%,4.5
https://drommeguiden.no/drommer/vei,0,2,0%,5
https://drommeguiden.no/drommer/katt/#de-vanligste-tolkningene,0,2,0%,5.5
https://drommeguiden.no/drommer/katt/#hva-betyr-det-%C3%A5-dr%C3%B8mme-om-katt,0,2,0%,5.5
https://drommeguiden.no/drommer/katt/#hva-p%C3%A5virker-tolkningen,0,2,0%,5.5
https://drommeguiden.no/om-oss/,0,2,0%,5.5
https://www.drommeguiden.no/kategori/steder/,0,2,0%,6
https://www.drommeguiden.no/drommer/oke,0,2,0%,6.5
https://drommeguiden.no/cookies/,0,2,0%,7
https://drommeguiden.no/kontakt/,0,2,0%,8
https://drommeguiden.no/drommer/hund/#de-vanligste-tolkningene,0,2,0%,8.5
https://drommeguiden.no/drommer/hund/#hva-betyr-det-%C3%A5-dr%C3%B8mme-om-hund,0,2,0%,8.5
https://drommeguiden.no/drommer/hund/#hva-p%C3%A5virker-tolkningen,0,2,0%,8.5
https://drommeguiden.no/drommer/hund/#psykologiske-og-kulturelle-perspektiver,0,2,0%,8.5
https://drommeguiden.no/drommer/internett/,0,2,0%,9
https://drommeguiden.no/drommer/foede/#de-vanligste-tolkningene,0,2,0%,11
https://drommeguiden.no/drommer/foede/#hva-p%C3%A5virker-tolkningen,0,2,0%,11
https://drommeguiden.no/drommer/foede/#psykologiske-og-kulturelle-perspektiver,0,2,0%,11
https://drommeguiden.no/sovn/drommer-og-hjernen/,0,2,0%,11.5
https://www.drommeguiden.no/drommer/gud/,0,2,0%,13.5
https://drommeguiden.no/sv/somn/somnhygien/,0,2,0%,68.5
https://drommeguiden.no/sv/om-oss/,0,1,0%,4
https://www.drommeguiden.no/drommer/onkel/,0,1,0%,4
https://drommeguiden.no/sv/drommar/avliden-person/#de-vanligaste-tolkningarna,0,1,0%,5
https://drommeguiden.no/sv/drommar/avliden-person/#psykologiska-och-kulturella-perspektiv,0,1,0%,5
https://drommeguiden.no/sv/drommar/avliden-person/#vad-betyder-det-att-dr%C3%B6mma-om-en-avliden-person,0,1,0%,5
https://drommeguiden.no/sv/drommar/avliden-person/#vad-p%C3%A5verkar-tolkningen,0,1,0%,5
https://www.drommeguiden.no/drommer/eksamen,0,1,0%,7
https://www.drommeguiden.no/drommer/oke/,0,1,0%,7
https://drommeguiden.no/drommer/lykke/,0,1,0%,10
https://drommeguiden.no/sv/drommar/varg/#de-vanligaste-tolkningarna,0,1,0%,10
https://drommeguiden.no/sv/drommar/varg/#psykologiska-och-kulturella-perspektiv,0,1,0%,10
https://drommeguiden.no/drommer/ulv/#de-vanligste-tolkningene,0,1,0%,11
https://drommeguiden.no/drommer/ulv/#hva-p%C3%A5virker-tolkningen,0,1,0%,11
https://drommeguiden.no/sv/drommar/hast/#de-vanligaste-tolkningarna,0,1,0%,11
https://drommeguiden.no/sv/drommar/hast/#vad-p%C3%A5verkar-tolkningen,0,1,0%,11
https://drommeguiden.no/sv/drommar/nycklar/#de-vanligaste-tolkningarna,0,1,0%,11
https://drommeguiden.no/sv/drommar/nycklar/#vad-p%C3%A5verkar-tolkningen,0,1,0%,11
https://drommeguiden.no/sv/drommar/sociala-medier/,0,1,0%,11
https://drommeguiden.no/sv/somn/somn-aldre/,0,1,0%,58
https://drommeguiden.no/sovn,0,1,0%,70